id,user_id,course_id,enrollment_status
1,1,15,active
2,92,15,active
3,116,15,active
4,161,15,active
5,205,15,active
6,222,15,active
7,201,15,active
8,78,15,active
9,5,15,active
10,23,15,active
11,99,15,active
12,210,15,active
13,249,15,active
14,280,15,active
15,1,206,active
16,186,206,active
17,187,206,active
18,268,206,active
19,190,206,active
20,68,206,active
21,85,206,active
22,114,206,active
23,105,206,active
24,33,206,active
25,66,206,active
26,175,206,active
27,272,206,active
28,131,206,active
29,1,53,active
30,32,53,active
31,72,53,active
32,91,53,active
33,134,53,active
34,156,53,active
35,161,53,active
36,252,53,active
37,253,53,active
38,140,53,active
39,199,53,active
40,158,53,active
41,198,53,active
42,205,53,active
43,1,25,active
44,66,25,active
45,70,25,active
46,78,25,active
47,107,25,active
48,144,25,active
49,148,25,active
50,153,25,active
51,154,25,active
52,179,25,active
53,207,25,active
54,241,25,active
55,133,25,active
56,62,25,active
57,1,151,active
58,27,151,active
59,75,151,active
60,88,151,active
61,100,151,active
62,167,151,active
63,189,151,active
64,221,151,active
65,246,151,active
66,240,151,active
67,70,151,active
68,174,151,active
69,230,151,active
70,142,151,active
71,1,99,active
72,25,99,active
73,32,99,active
74,89,99,active
75,101,99,active
76,130,99,active
77,177,99,active
78,180,99,active
79,256,99,active
80,269,99,active
81,254,99,active
82,103,99,active
83,182,99,active
84,263,99,active
85,4,177,active
86,93,177,active
87,96,177,active
88,120,177,active
89,249,177,active
90,69,177,active
91,274,177,active
92,213,177,active
93,217,177,active
94,33,177,active
95,84,177,active
96,215,177,active
97,256,177,active
98,88,177,active
99,4,159,active
100,27,159,active
101,64,159,active
102,65,159,active
103,67,159,active
104,104,159,active
105,119,159,active
106,120,159,active
107,122,159,active
108,123,159,active
109,139,159,active
110,143,159,active
111,198,159,active
112,216,159,active
113,240,159,active
114,253,159,active
115,4,71,active
116,6,71,active
117,108,71,active
118,110,71,active
119,149,71,active
120,157,71,active
121,161,71,active
122,182,71,active
123,163,71,active
124,10,71,active
125,250,71,active
126,258,71,active
127,228,71,active
128,177,71,active
129,4,162,active
130,18,162,active
131,216,162,active
132,218,162,active
133,220,162,active
134,239,162,active
135,250,162,active
136,268,162,active
137,235,162,active
138,97,162,active
139,238,162,active
140,71,162,active
141,6,162,active
142,147,162,active
143,5,235,active
144,14,235,active
145,26,235,active
146,28,235,active
147,111,235,active
148,146,235,active
149,156,235,active
150,165,235,active
151,237,235,active
152,258,235,active
153,133,235,active
154,27,235,active
155,185,235,active
156,152,235,active
157,5,152,active
158,66,152,active
159,149,152,active
160,167,152,active
161,221,152,active
162,199,152,active
163,131,152,active
164,206,152,active
165,94,152,active
166,62,152,active
167,119,152,active
168,243,152,active
169,73,152,active
170,241,152,active
171,5,244,active
172,21,244,active
173,195,244,active
174,279,244,active
175,233,244,active
176,120,244,active
177,249,244,active
178,69,244,active
179,277,244,active
180,67,244,active
181,146,244,active
182,198,244,active
183,280,244,active
184,137,244,active
185,5,20,active
186,165,20,active
187,193,20,active
188,214,20,active
189,217,20,active
190,251,20,active
191,280,20,active
192,158,20,active
193,121,20,active
194,126,20,active
195,10,20,active
196,197,20,active
197,69,20,active
198,73,20,active
199,5,28,active
200,14,28,active
201,31,28,active
202,108,28,active
203,137,28,active
204,154,28,active
205,171,28,active
206,184,28,active
207,201,28,active
208,208,28,active
209,220,28,active
210,246,28,active
211,215,28,active
212,76,28,active
213,6,175,active
214,16,175,active
215,123,175,active
216,165,175,active
217,182,175,active
218,197,175,active
219,213,175,active
220,262,175,active
221,265,175,active
222,271,175,active
223,173,175,active
224,118,175,active
225,157,175,active
226,196,175,active
227,6,5,active
228,68,5,active
229,189,5,active
230,195,5,active
231,200,5,active
232,205,5,active
233,217,5,active
234,228,5,active
235,245,5,active
236,248,5,active
237,255,5,active
238,275,5,active
239,93,5,active
240,16,5,active
241,6,144,active
242,63,144,active
243,101,144,active
244,138,144,active
245,143,144,active
246,152,144,active
247,221,144,active
248,238,144,active
249,250,144,active
250,81,144,active
251,161,144,active
252,110,144,active
253,164,144,active
254,118,144,active
255,10,93,active
256,78,93,active
257,100,93,active
258,167,93,active
259,176,93,active
260,211,93,active
261,271,93,active
262,257,93,active
263,71,93,active
264,123,93,active
265,179,93,active
266,267,93,active
267,5,93,active
268,27,93,active
269,10,229,active
270,92,229,active
271,99,229,active
272,112,229,active
273,171,229,active
274,182,229,active
275,168,229,active
276,247,229,active
277,188,229,active
278,76,229,active
279,271,229,active
280,262,229,active
281,24,229,active
282,253,229,active
283,10,161,active
284,74,161,active
285,112,161,active
286,138,161,active
287,224,161,active
288,255,161,active
289,264,161,active
290,177,161,active
291,209,161,active
292,194,161,active
293,225,161,active
294,153,161,active
295,191,161,active
296,168,161,active
297,10,240,active
298,14,240,active
299,191,240,active
300,206,240,active
301,257,240,active
302,281,240,active
303,224,240,active
304,22,240,active
305,168,240,active
306,236,240,active
307,108,240,active
308,152,240,active
309,31,240,active
310,90,240,active
311,10,48,active
312,68,48,active
313,84,48,active
314,87,48,active
315,102,48,active
316,129,48,active
317,175,48,active
318,186,48,active
319,215,48,active
320,226,48,active
321,228,48,active
322,273,48,active
323,21,48,active
324,78,48,active
325,12,131,active
326,18,131,active
327,79,131,active
328,115,131,active
329,131,131,active
330,155,131,active
331,172,131,active
332,188,131,active
333,215,131,active
334,243,131,active
335,258,131,active
336,4,131,active
337,192,131,active
338,132,131,active
339,12,238,active
340,73,238,active
341,132,238,active
342,174,238,active
343,189,238,active
344,192,238,active
345,229,238,active
346,230,238,active
347,234,238,active
348,279,238,active
349,236,238,active
350,171,238,active
351,104,238,active
352,136,238,active
353,12,46,active
354,29,46,active
355,88,46,active
356,98,46,active
357,106,46,active
358,123,46,active
359,142,46,active
360,208,46,active
361,232,46,active
362,268,46,active
363,272,46,active
364,276,46,active
365,21,46,active
366,277,46,active
367,12,164,active
368,86,164,active
369,105,164,active
370,120,164,active
371,153,164,active
372,170,164,active
373,177,164,active
374,124,164,active
375,104,164,active
376,27,164,active
377,5,164,active
378,230,164,active
379,192,164,active
380,232,164,active
381,12,191,active
382,72,191,active
383,74,191,active
384,113,191,active
385,132,191,active
386,142,191,active
387,191,191,active
388,197,191,active
389,227,191,active
390,228,191,active
391,251,191,active
392,66,191,active
393,168,191,active
394,22,191,active
395,12,8,active
396,69,8,active
397,77,8,active
398,96,8,active
399,139,8,active
400,162,8,active
401,229,8,active
402,259,8,active
403,124,8,active
404,199,8,active
405,150,8,active
406,271,8,active
407,107,8,active
408,102,8,active
409,14,137,active
410,21,137,active
411,32,137,active
412,129,137,active
413,131,137,active
414,155,137,active
415,159,137,active
416,125,137,active
417,196,137,active
418,228,137,active
419,257,137,active
420,28,137,active
421,176,137,active
422,177,137,active
423,14,7,active
424,16,7,active
425,22,7,active
426,68,7,active
427,105,7,active
428,109,7,active
429,113,7,active
430,155,7,active
431,176,7,active
432,178,7,active
433,193,7,active
434,223,7,active
435,254,7,active
436,10,7,active
437,14,9,active
438,23,9,active
439,92,9,active
440,100,9,active
441,105,9,active
442,149,9,active
443,201,9,active
444,261,9,active
445,280,9,active
446,176,9,active
447,275,9,active
448,122,9,active
449,121,9,active
450,166,9,active
451,16,125,active
452,90,125,active
453,93,125,active
454,95,125,active
455,120,125,active
456,160,125,active
457,163,125,active
458,231,125,active
459,240,125,active
460,116,125,active
461,225,125,active
462,156,125,active
463,248,125,active
464,30,125,active
465,16,169,active
466,78,169,active
467,89,169,active
468,232,169,active
469,281,169,active
470,233,169,active
471,27,169,active
472,246,169,active
473,66,169,active
474,5,169,active
475,105,169,active
476,225,169,active
477,274,169,active
478,262,169,active
479,16,102,active
480,29,102,active
481,65,102,active
482,69,102,active
483,86,102,active
484,116,102,active
485,146,102,active
486,197,102,active
487,216,102,active
488,223,102,active
489,243,102,active
490,253,102,active
491,260,102,active
492,281,102,active
493,16,36,active
494,28,36,active
495,76,36,active
496,117,36,active
497,185,36,active
498,276,36,active
499,12,36,active
500,87,36,active
501,69,36,active
502,64,36,active
503,261,36,active
504,97,36,active
505,26,36,active
506,197,36,active
507,18,134,active
508,90,134,active
509,106,134,active
510,189,134,active
511,205,134,active
512,225,134,active
513,269,134,active
514,213,134,active
515,169,134,active
516,229,134,active
517,136,134,active
518,256,134,active
519,29,134,active
520,130,134,active
521,18,40,active
522,82,40,active
523,114,40,active
524,139,40,active
525,210,40,active
526,233,40,active
527,278,40,active
528,281,40,active
529,5,40,active
530,273,40,active
531,272,40,active
532,78,40,active
533,62,40,active
534,32,40,active
535,18,208,active
536,67,208,active
537,109,208,active
538,118,208,active
539,130,208,active
540,151,208,active
541,185,208,active
542,209,208,active
543,222,208,active
544,256,208,active
545,221,208,active
546,105,208,active
547,253,208,active
548,156,208,active
549,18,192,active
550,106,192,active
551,130,192,active
552,131,192,active
553,174,192,active
554,205,192,active
555,230,192,active
556,64,192,active
557,209,192,active
558,212,192,active
559,12,192,active
560,84,192,active
561,86,192,active
562,74,192,active
563,20,12,active
564,30,12,active
565,121,12,active
566,134,12,active
567,139,12,active
568,145,12,active
569,173,12,active
570,185,12,active
571,235,12,active
572,155,12,active
573,174,12,active
574,111,12,active
575,238,12,active
576,127,12,active
577,20,120,active
578,87,120,active
579,112,120,active
580,140,120,active
581,147,120,active
582,205,120,active
583,212,120,active
584,247,120,active
585,248,120,active
586,252,120,active
587,271,120,active
588,269,120,active
589,272,120,active
590,159,120,active
591,20,234,active
592,24,234,active
593,32,234,active
594,72,234,active
595,164,234,active
596,196,234,active
597,247,234,active
598,276,234,active
599,151,234,active
600,124,234,active
601,244,234,active
602,273,234,active
603,201,234,active
604,198,234,active
605,20,39,active
606,95,39,active
607,96,39,active
608,97,39,active
609,101,39,active
610,135,39,active
611,162,39,active
612,180,39,active
613,196,39,active
614,159,39,active
615,248,39,active
616,82,39,active
617,74,39,active
618,149,39,active
619,20,49,active
620,70,49,active
621,116,49,active
622,122,49,active
623,126,49,active
624,145,49,active
625,227,49,active
626,263,49,active
627,233,49,active
628,134,49,active
629,129,49,active
630,26,49,active
631,114,49,active
632,160,49,active
633,20,225,active
634,25,225,active
635,27,225,active
636,69,225,active
637,91,225,active
638,95,225,active
639,124,225,active
640,151,225,active
641,160,225,active
642,195,225,active
643,196,225,active
644,221,225,active
645,132,225,active
646,101,225,active
647,21,172,active
648,73,172,active
649,102,172,active
650,105,172,active
651,112,172,active
652,148,172,active
653,157,172,active
654,160,172,active
655,180,172,active
656,228,172,active
657,260,172,active
658,272,172,active
659,281,172,active
660,267,172,active
661,21,3,active
662,32,3,active
663,67,3,active
664,98,3,active
665,107,3,active
666,252,3,active
667,271,3,active
668,151,3,active
669,82,3,active
670,146,3,active
671,174,3,active
672,239,3,active
673,241,3,active
674,232,3,active
675,21,24,active
676,115,24,active
677,140,24,active
678,149,24,active
679,158,24,active
680,164,24,active
681,174,24,active
682,219,24,active
683,235,24,active
684,240,24,active
685,167,24,active
686,214,24,active
687,242,24,active
688,26,24,active
689,21,51,active
690,78,51,active
691,87,51,active
692,97,51,active
693,110,51,active
694,115,51,active
695,127,51,active
696,139,51,active
697,141,51,active
698,148,51,active
699,149,51,active
700,180,51,active
701,208,51,active
702,218,51,active
703,235,51,active
704,259,51,active
705,21,23,active
706,134,23,active
707,143,23,active
708,162,23,active
709,171,23,active
710,259,23,active
711,242,23,active
712,119,23,active
713,112,23,active
714,81,23,active
715,234,23,active
716,166,23,active
717,176,23,active
718,193,23,active
719,22,33,active
720,90,33,active
721,122,33,active
722,163,33,active
723,196,33,active
724,234,33,active
725,280,33,active
726,226,33,active
727,260,33,active
728,74,33,active
729,214,33,active
730,81,33,active
731,94,33,active
732,92,33,active
733,22,44,active
734,102,44,active
735,121,44,active
736,175,44,active
737,181,44,active
738,277,44,active
739,88,44,active
740,179,44,active
741,221,44,active
742,178,44,active
743,238,44,active
744,210,44,active
745,197,44,active
746,97,44,active
747,22,68,active
748,28,68,active
749,31,68,active
750,67,68,active
751,79,68,active
752,87,68,active
753,99,68,active
754,111,68,active
755,147,68,active
756,151,68,active
757,258,68,active
758,259,68,active
759,261,68,active
760,108,68,active
761,22,228,active
762,77,228,active
763,133,228,active
764,163,228,active
765,165,228,active
766,260,228,active
767,25,228,active
768,97,228,active
769,272,228,active
770,162,228,active
771,107,228,active
772,10,228,active
773,123,228,active
774,106,228,active
775,23,183,active
776,83,183,active
777,91,183,active
778,94,183,active
779,102,183,active
780,190,183,active
781,253,183,active
782,137,183,active
783,239,183,active
784,187,183,active
785,159,183,active
786,269,183,active
787,81,183,active
788,185,183,active
789,23,30,active
790,120,30,active
791,124,30,active
792,129,30,active
793,167,30,active
794,237,30,active
795,281,30,active
796,92,30,active
797,10,30,active
798,63,30,active
799,32,30,active
800,219,30,active
801,254,30,active
802,271,30,active
803,23,155,active
804,64,155,active
805,85,155,active
806,167,155,active
807,169,155,active
808,247,155,active
809,260,155,active
810,277,155,active
811,265,155,active
812,270,155,active
813,173,155,active
814,155,155,active
815,68,155,active
816,101,155,active
817,24,1,active
818,31,1,active
819,121,1,active
820,125,1,active
821,175,1,active
822,178,1,active
823,179,1,active
824,192,1,active
825,244,1,active
826,206,1,active
827,131,1,active
828,128,1,active
829,207,1,active
830,76,1,active
831,24,123,active
832,26,123,active
833,66,123,active
834,76,123,active
835,118,123,active
836,142,123,active
837,226,123,active
838,243,123,active
839,280,123,active
840,88,123,active
841,67,123,active
842,71,123,active
843,12,123,active
844,1,123,active
845,24,79,active
846,25,79,active
847,103,79,active
848,126,79,active
849,155,79,active
850,196,79,active
851,266,79,active
852,218,79,active
853,65,79,active
854,112,79,active
855,166,79,active
856,247,79,active
857,70,79,active
858,232,79,active
859,25,156,active
860,84,156,active
861,221,156,active
862,227,156,active
863,240,156,active
864,6,156,active
865,70,156,active
866,236,156,active
867,115,156,active
868,244,156,active
869,109,156,active
870,205,156,active
871,112,156,active
872,105,156,active
873,25,66,active
874,93,66,active
875,109,66,active
876,227,66,active
877,280,66,active
878,194,66,active
879,119,66,active
880,28,66,active
881,4,66,active
882,272,66,active
883,10,66,active
884,180,66,active
885,192,66,active
886,158,66,active
887,25,158,active
888,65,158,active
889,77,158,active
890,119,158,active
891,184,158,active
892,186,158,active
893,201,158,active
894,213,158,active
895,221,158,active
896,224,158,active
897,245,158,active
898,66,158,active
899,161,158,active
900,252,158,active
901,26,165,active
902,33,165,active
903,82,165,active
904,98,165,active
905,111,165,active
906,133,165,active
907,146,165,active
908,154,165,active
909,157,165,active
910,158,165,active
911,169,165,active
912,211,165,active
913,242,165,active
914,265,165,active
915,266,165,active
916,26,27,active
917,77,27,active
918,88,27,active
919,138,27,active
920,152,27,active
921,158,27,active
922,160,27,active
923,170,27,active
924,201,27,active
925,205,27,active
926,225,27,active
927,273,27,active
928,190,27,active
929,104,27,active
930,27,70,active
931,81,70,active
932,95,70,active
933,125,70,active
934,144,70,active
935,145,70,active
936,195,70,active
937,234,70,active
938,257,70,active
939,273,70,active
940,149,70,active
941,80,70,active
942,191,70,active
943,242,70,active
944,27,166,active
945,188,166,active
946,280,166,active
947,72,166,active
948,152,166,active
949,252,166,active
950,69,166,active
951,181,166,active
952,260,166,active
953,169,166,active
954,62,166,active
955,26,166,active
956,164,166,active
957,79,166,active
958,27,157,active
959,140,157,active
960,235,157,active
961,190,157,active
962,243,157,active
963,62,157,active
964,131,157,active
965,200,157,active
966,95,157,active
967,242,157,active
968,73,157,active
969,240,157,active
970,97,157,active
971,220,157,active
972,27,18,active
973,78,18,active
974,163,18,active
975,228,18,active
976,89,18,active
977,242,18,active
978,231,18,active
979,158,18,active
980,183,18,active
981,131,18,active
982,6,18,active
983,260,18,active
984,73,18,active
985,184,18,active
986,28,163,active
987,29,163,active
988,74,163,active
989,84,163,active
990,94,163,active
991,150,163,active
992,182,163,active
993,229,163,active
994,234,163,active
995,237,163,active
996,273,163,active
997,119,163,active
998,189,163,active
999,173,163,active
1000,28,47,active
1001,67,47,active
1002,122,47,active
1003,158,47,active
1004,197,47,active
1005,209,47,active
1006,246,47,active
1007,266,47,active
1008,267,47,active
1009,208,47,active
1010,271,47,active
1011,112,47,active
1012,258,47,active
1013,84,47,active
1014,29,150,active
1015,32,150,active
1016,63,150,active
1017,88,150,active
1018,90,150,active
1019,133,150,active
1020,159,150,active
1021,160,150,active
1022,174,150,active
1023,222,150,active
1024,263,150,active
1025,149,150,active
1026,242,150,active
1027,186,150,active
1028,29,85,active
1029,171,85,active
1030,239,85,active
1031,264,85,active
1032,269,85,active
1033,32,85,active
1034,206,85,active
1035,213,85,active
1036,175,85,active
1037,111,85,active
1038,236,85,active
1039,205,85,active
1040,107,85,active
1041,221,85,active
1042,30,45,active
1043,85,45,active
1044,126,45,active
1045,132,45,active
1046,133,45,active
1047,138,45,active
1048,151,45,active
1049,266,45,active
1050,69,45,active
1051,117,45,active
1052,145,45,active
1053,142,45,active
1054,272,45,active
1055,89,45,active
1056,30,132,active
1057,65,132,active
1058,124,132,active
1059,149,132,active
1060,158,132,active
1061,169,132,active
1062,172,132,active
1063,177,132,active
1064,191,132,active
1065,197,132,active
1066,219,132,active
1067,278,132,active
1068,139,132,active
1069,10,132,active
1070,30,73,active
1071,159,73,active
1072,169,73,active
1073,252,73,active
1074,261,73,active
1075,181,73,active
1076,88,73,active
1077,199,73,active
1078,6,73,active
1079,21,73,active
1080,102,73,active
1081,25,73,active
1082,86,73,active
1083,222,73,active
1084,31,29,active
1085,80,29,active
1086,128,29,active
1087,151,29,active
1088,152,29,active
1089,194,29,active
1090,219,29,active
1091,241,29,active
1092,275,29,active
1093,263,29,active
1094,233,29,active
1095,107,29,active
1096,88,29,active
1097,106,29,active
1098,31,201,active
1099,66,201,active
1100,128,201,active
1101,142,201,active
1102,160,201,active
1103,163,201,active
1104,187,201,active
1105,269,201,active
1106,156,201,active
1107,158,201,active
1108,195,201,active
1109,151,201,active
1110,75,201,active
1111,198,201,active
1112,33,114,active
1113,82,114,active
1114,98,114,active
1115,168,114,active
1116,208,114,active
1117,258,114,active
1118,236,114,active
1119,147,114,active
1120,264,114,active
1121,184,114,active
1122,262,114,active
1123,211,114,active
1124,123,114,active
1125,166,114,active
1126,33,63,active
1127,104,63,active
1128,130,63,active
1129,211,63,active
1130,214,63,active
1131,244,63,active
1132,269,63,active
1133,208,63,active
1134,96,63,active
1135,181,63,active
1136,272,63,active
1137,264,63,active
1138,77,63,active
1139,162,63,active
1140,33,94,active
1141,79,94,active
1142,94,94,active
1143,111,94,active
1144,126,94,active
1145,134,94,active
1146,151,94,active
1147,178,94,active
1148,179,94,active
1149,234,94,active
1150,278,94,active
1151,81,94,active
1152,156,94,active
1153,248,94,active
1154,33,38,active
1155,140,38,active
1156,190,38,active
1157,243,38,active
1158,255,38,active
1159,263,38,active
1160,265,38,active
1161,268,38,active
1162,26,38,active
1163,138,38,active
1164,222,38,active
1165,258,38,active
1166,124,38,active
1167,130,38,active
1168,33,14,active
1169,81,14,active
1170,83,14,active
1171,109,14,active
1172,113,14,active
1173,148,14,active
1174,232,14,active
1175,251,14,active
1176,223,14,active
1177,262,14,active
1178,272,14,active
1179,242,14,active
1180,207,14,active
1181,260,14,active
1182,33,13,active
1183,75,13,active
1184,107,13,active
1185,125,13,active
1186,130,13,active
1187,136,13,active
1188,139,13,active
1189,147,13,active
1190,166,13,active
1191,168,13,active
1192,183,13,active
1193,186,13,active
1194,193,13,active
1195,194,13,active
1196,219,13,active
1197,255,13,active
1198,62,160,active
1199,134,160,active
1200,156,160,active
1201,181,160,active
1202,184,160,active
1203,198,160,active
1204,214,160,active
1205,250,160,active
1206,99,160,active
1207,229,160,active
1208,210,160,active
1209,88,160,active
1210,196,160,active
1211,226,160,active
1212,62,171,active
1213,119,171,active
1214,181,171,active
1215,198,171,active
1216,219,171,active
1217,254,171,active
1218,26,171,active
1219,88,171,active
1220,242,171,active
1221,64,171,active
1222,213,171,active
1223,14,171,active
1224,237,171,active
1225,63,171,active
1226,62,67,active
1227,116,67,active
1228,162,67,active
1229,223,67,active
1230,241,67,active
1231,244,67,active
1232,275,67,active
1233,26,67,active
1234,16,67,active
1235,156,67,active
1236,80,67,active
1237,18,67,active
1238,102,67,active
1239,140,67,active
1240,62,107,active
1241,74,107,active
1242,75,107,active
1243,84,107,active
1244,95,107,active
1245,116,107,active
1246,156,107,active
1247,251,107,active
1248,267,107,active
1249,87,107,active
1250,161,107,active
1251,135,107,active
1252,186,107,active
1253,180,107,active
1254,63,2,active
1255,84,2,active
1256,161,2,active
1257,194,2,active
1258,213,2,active
1259,248,2,active
1260,148,2,active
1261,82,2,active
1262,139,2,active
1263,133,2,active
1264,144,2,active
1265,241,2,active
1266,68,2,active
1267,193,2,active
1268,63,204,active
1269,159,204,active
1270,164,204,active
1271,224,204,active
1272,232,204,active
1273,238,204,active
1274,199,204,active
1275,22,204,active
1276,190,204,active
1277,275,204,active
1278,115,204,active
1279,272,204,active
1280,129,204,active
1281,212,204,active
1282,63,58,active
1283,111,58,active
1284,117,58,active
1285,130,58,active
1286,198,58,active
1287,213,58,active
1288,113,58,active
1289,194,58,active
1290,99,58,active
1291,274,58,active
1292,215,58,active
1293,200,58,active
1294,254,58,active
1295,69,58,active
1296,63,140,active
1297,83,140,active
1298,168,140,active
1299,196,140,active
1300,207,140,active
1301,223,140,active
1302,240,140,active
1303,246,140,active
1304,276,140,active
1305,143,140,active
1306,26,140,active
1307,257,140,active
1308,23,140,active
1309,161,140,active
1310,64,6,active
1311,84,6,active
1312,94,6,active
1313,103,6,active
1314,243,6,active
1315,251,6,active
1316,256,6,active
1317,183,6,active
1318,252,6,active
1319,226,6,active
1320,187,6,active
1321,1,6,active
1322,237,6,active
1323,247,6,active
1324,64,146,active
1325,81,146,active
1326,98,146,active
1327,106,146,active
1328,131,146,active
1329,244,146,active
1330,246,146,active
1331,275,146,active
1332,252,146,active
1333,279,146,active
1334,101,146,active
1335,80,146,active
1336,255,146,active
1337,222,146,active
1338,64,190,active
1339,207,190,active
1340,113,190,active
1341,136,190,active
1342,268,190,active
1343,74,190,active
1344,166,190,active
1345,134,190,active
1346,278,190,active
1347,151,190,active
1348,147,190,active
1349,116,190,active
1350,175,190,active
1351,1,190,active
1352,64,130,active
1353,124,130,active
1354,134,130,active
1355,139,130,active
1356,178,130,active
1357,182,130,active
1358,200,130,active
1359,211,130,active
1360,225,130,active
1361,257,130,active
1362,270,130,active
1363,104,130,active
1364,31,130,active
1365,190,130,active
1366,65,188,active
1367,89,188,active
1368,111,188,active
1369,159,188,active
1370,190,188,active
1371,236,188,active
1372,264,188,active
1373,267,188,active
1374,281,188,active
1375,229,188,active
1376,251,188,active
1377,238,188,active
1378,270,188,active
1379,234,188,active
1380,65,21,active
1381,96,21,active
1382,141,21,active
1383,207,21,active
1384,244,21,active
1385,140,21,active
1386,241,21,active
1387,111,21,active
1388,185,21,active
1389,119,21,active
1390,77,21,active
1391,153,21,active
1392,245,21,active
1393,98,21,active
1394,66,16,active
1395,76,16,active
1396,207,16,active
1397,208,16,active
1398,232,16,active
1399,137,16,active
1400,151,16,active
1401,147,16,active
1402,119,16,active
1403,162,16,active
1404,183,16,active
1405,128,16,active
1406,108,16,active
1407,233,16,active
1408,67,52,active
1409,90,52,active
1410,102,52,active
1411,161,52,active
1412,229,52,active
1413,252,52,active
1414,254,52,active
1415,270,52,active
1416,228,52,active
1417,197,52,active
1418,132,52,active
1419,179,52,active
1420,89,52,active
1421,80,52,active
1422,68,83,active
1423,70,83,active
1424,72,83,active
1425,77,83,active
1426,100,83,active
1427,153,83,active
1428,154,83,active
1429,156,83,active
1430,160,83,active
1431,185,83,active
1432,200,83,active
1433,208,83,active
1434,224,83,active
1435,236,83,active
1436,265,83,active
1437,266,83,active
1438,267,83,active
1439,276,83,active
1440,280,83,active
1441,68,61,active
1442,115,61,active
1443,128,61,active
1444,145,61,active
1445,169,61,active
1446,198,61,active
1447,234,61,active
1448,254,61,active
1449,87,61,active
1450,276,61,active
1451,197,61,active
1452,12,61,active
1453,133,61,active
1454,65,61,active
1455,68,26,active
1456,82,26,active
1457,86,26,active
1458,99,26,active
1459,104,26,active
1460,181,26,active
1461,184,26,active
1462,242,26,active
1463,246,26,active
1464,249,26,active
1465,250,26,active
1466,258,26,active
1467,271,26,active
1468,281,26,active
1469,68,226,active
1470,113,226,active
1471,125,226,active
1472,138,226,active
1473,175,226,active
1474,228,226,active
1475,244,226,active
1476,259,226,active
1477,269,226,active
1478,272,226,active
1479,262,226,active
1480,79,226,active
1481,245,226,active
1482,69,226,active
1483,69,10,active
1484,167,10,active
1485,177,10,active
1486,215,10,active
1487,220,10,active
1488,231,10,active
1489,262,10,active
1490,270,10,active
1491,183,10,active
1492,221,10,active
1493,271,10,active
1494,129,10,active
1495,188,10,active
1496,254,10,active
1497,70,64,active
1498,79,64,active
1499,113,64,active
1500,121,64,active
1501,135,64,active
1502,164,64,active
1503,170,64,active
1504,179,64,active
1505,185,64,active
1506,210,64,active
1507,141,64,active
1508,94,64,active
1509,5,64,active
1510,124,64,active
1511,70,170,active
1512,127,170,active
1513,133,170,active
1514,166,170,active
1515,231,170,active
1516,250,170,active
1517,254,170,active
1518,256,170,active
1519,260,170,active
1520,222,170,active
1521,25,170,active
1522,209,170,active
1523,129,170,active
1524,23,170,active
1525,70,231,active
1526,123,231,active
1527,132,231,active
1528,214,231,active
1529,225,231,active
1530,268,231,active
1531,79,231,active
1532,130,231,active
1533,217,231,active
1534,64,231,active
1535,81,231,active
1536,279,231,active
1537,103,231,active
1538,115,231,active
1539,71,148,active
1540,100,148,active
1541,102,148,active
1542,227,148,active
1543,239,148,active
1544,264,148,active
1545,167,148,active
1546,79,148,active
1547,219,148,active
1548,127,148,active
1549,260,148,active
1550,141,148,active
1551,149,148,active
1552,158,148,active
1553,71,82,active
1554,93,82,active
1555,106,82,active
1556,112,82,active
1557,128,82,active
1558,182,82,active
1559,194,82,active
1560,195,82,active
1561,199,82,active
1562,278,82,active
1563,146,82,active
1564,248,82,active
1565,103,82,active
1566,121,82,active
1567,71,139,active
1568,76,139,active
1569,80,139,active
1570,85,139,active
1571,90,139,active
1572,103,139,active
1573,124,139,active
1574,153,139,active
1575,173,139,active
1576,231,139,active
1577,245,139,active
1578,249,139,active
1579,274,139,active
1580,273,139,active
1581,71,65,active
1582,110,65,active
1583,118,65,active
1584,122,65,active
1585,173,65,active
1586,207,65,active
1587,277,65,active
1588,109,65,active
1589,181,65,active
1590,158,65,active
1591,4,65,active
1592,241,65,active
1593,174,65,active
1594,197,65,active
1595,72,105,active
1596,80,105,active
1597,88,105,active
1598,117,105,active
1599,155,105,active
1600,167,105,active
1601,171,105,active
1602,180,105,active
1603,209,105,active
1604,210,105,active
1605,214,105,active
1606,242,105,active
1607,275,105,active
1608,81,105,active
1609,73,168,active
1610,76,168,active
1611,134,168,active
1612,156,168,active
1613,206,168,active
1614,218,168,active
1615,249,168,active
1616,265,168,active
1617,270,168,active
1618,66,168,active
1619,67,168,active
1620,269,168,active
1621,166,168,active
1622,86,168,active
1623,73,35,active
1624,78,35,active
1625,146,35,active
1626,156,35,active
1627,209,35,active
1628,213,35,active
1629,220,35,active
1630,247,35,active
1631,272,35,active
1632,190,35,active
1633,214,35,active
1634,4,35,active
1635,180,35,active
1636,212,35,active
1637,73,200,active
1638,129,200,active
1639,142,200,active
1640,174,200,active
1641,187,200,active
1642,217,200,active
1643,238,200,active
1644,249,200,active
1645,87,200,active
1646,80,200,active
1647,194,200,active
1648,139,200,active
1649,240,200,active
1650,232,200,active
1651,75,84,active
1652,114,84,active
1653,118,84,active
1654,141,84,active
1655,174,84,active
1656,226,84,active
1657,231,84,active
1658,180,84,active
1659,1,84,active
1660,63,84,active
1661,115,84,active
1662,109,84,active
1663,73,84,active
1664,163,84,active
1665,77,122,active
1666,79,122,active
1667,82,122,active
1668,92,122,active
1669,193,122,active
1670,80,122,active
1671,236,122,active
1672,115,122,active
1673,69,122,active
1674,175,122,active
1675,33,122,active
1676,74,122,active
1677,278,122,active
1678,273,122,active
1679,77,31,active
1680,95,31,active
1681,99,31,active
1682,101,31,active
1683,107,31,active
1684,112,31,active
1685,131,31,active
1686,147,31,active
1687,177,31,active
1688,212,31,active
1689,239,31,active
1690,263,31,active
1691,265,31,active
1692,200,31,active
1693,79,109,active
1694,135,109,active
1695,149,109,active
1696,186,109,active
1697,216,109,active
1698,279,109,active
1699,97,109,active
1700,218,109,active
1701,120,109,active
1702,150,109,active
1703,141,109,active
1704,91,109,active
1705,133,109,active
1706,104,109,active
1707,80,11,active
1708,103,11,active
1709,150,11,active
1710,153,11,active
1711,177,11,active
1712,239,11,active
1713,263,11,active
1714,225,11,active
1715,118,11,active
1716,185,11,active
1717,126,11,active
1718,168,11,active
1719,249,11,active
1720,136,11,active
1721,80,60,active
1722,109,60,active
1723,117,60,active
1724,121,60,active
1725,179,60,active
1726,183,60,active
1727,242,60,active
1728,260,60,active
1729,31,60,active
1730,273,60,active
1731,102,60,active
1732,162,60,active
1733,131,60,active
1734,216,60,active
1735,81,133,active
1736,118,133,active
1737,132,133,active
1738,227,133,active
1739,233,133,active
1740,242,133,active
1741,277,133,active
1742,267,133,active
1743,86,133,active
1744,270,133,active
1745,66,133,active
1746,232,133,active
1747,85,133,active
1748,231,133,active
1749,82,111,active
1750,108,111,active
1751,150,111,active
1752,190,111,active
1753,266,111,active
1754,249,111,active
1755,217,111,active
1756,73,111,active
1757,250,111,active
1758,65,111,active
1759,209,111,active
1760,122,111,active
1761,79,111,active
1762,253,111,active
1763,82,141,active
1764,106,141,active
1765,169,141,active
1766,249,141,active
1767,261,141,active
1768,274,141,active
1769,21,141,active
1770,18,141,active
1771,118,141,active
1772,65,141,active
1773,122,141,active
1774,264,141,active
1775,163,141,active
1776,117,141,active
1777,83,4,active
1778,94,4,active
1779,96,4,active
1780,97,4,active
1781,122,4,active
1782,129,4,active
1783,132,4,active
1784,153,4,active
1785,171,4,active
1786,173,4,active
1787,198,4,active
1788,200,4,active
1789,273,4,active
1790,127,4,active
1791,83,138,active
1792,93,138,active
1793,127,138,active
1794,141,138,active
1795,166,138,active
1796,188,138,active
1797,200,138,active
1798,98,138,active
1799,97,138,active
1800,260,138,active
1801,120,138,active
1802,126,138,active
1803,157,138,active
1804,145,138,active
1805,83,81,active
1806,93,81,active
1807,101,81,active
1808,118,81,active
1809,124,81,active
1810,138,81,active
1811,187,81,active
1812,221,81,active
1813,241,81,active
1814,248,81,active
1815,190,81,active
1816,80,81,active
1817,141,81,active
1818,273,81,active
1819,83,56,active
1820,101,56,active
1821,117,56,active
1822,128,56,active
1823,143,56,active
1824,158,56,active
1825,182,56,active
1826,200,56,active
1827,275,56,active
1828,267,56,active
1829,189,56,active
1830,150,56,active
1831,194,56,active
1832,226,56,active
1833,84,233,active
1834,110,233,active
1835,141,233,active
1836,144,233,active
1837,232,233,active
1838,237,233,active
1839,275,233,active
1840,191,233,active
1841,278,233,active
1842,76,233,active
1843,99,233,active
1844,62,233,active
1845,279,233,active
1846,230,233,active
1847,85,100,active
1848,88,100,active
1849,98,100,active
1850,141,100,active
1851,176,100,active
1852,190,100,active
1853,254,100,active
1854,257,100,active
1855,277,100,active
1856,280,100,active
1857,151,100,active
1858,197,100,active
1859,192,100,active
1860,215,100,active
1861,85,50,active
1862,119,50,active
1863,127,50,active
1864,133,50,active
1865,210,50,active
1866,260,50,active
1867,138,50,active
1868,266,50,active
1869,240,50,active
1870,108,50,active
1871,159,50,active
1872,87,50,active
1873,63,50,active
1874,226,50,active
1875,86,236,active
1876,121,236,active
1877,178,236,active
1878,191,236,active
1879,192,236,active
1880,206,236,active
1881,265,236,active
1882,274,236,active
1883,276,236,active
1884,111,236,active
1885,212,236,active
1886,196,236,active
1887,72,236,active
1888,226,236,active
1889,86,34,active
1890,181,34,active
1891,194,34,active
1892,238,34,active
1893,255,34,active
1894,147,34,active
1895,259,34,active
1896,137,34,active
1897,216,34,active
1898,139,34,active
1899,172,34,active
1900,127,34,active
1901,170,34,active
1902,267,34,active
1903,87,167,active
1904,90,167,active
1905,105,167,active
1906,197,167,active
1907,245,167,active
1908,261,167,active
1909,65,167,active
1910,156,167,active
1911,183,167,active
1912,253,167,active
1913,179,167,active
1914,173,167,active
1915,135,167,active
1916,91,167,active
1917,87,103,active
1918,136,103,active
1919,172,103,active
1920,262,103,active
1921,280,103,active
1922,226,103,active
1923,268,103,active
1924,209,103,active
1925,250,103,active
1926,260,103,active
1927,74,103,active
1928,90,103,active
1929,31,103,active
1930,164,103,active
1931,87,127,active
1932,121,127,active
1933,182,127,active
1934,257,127,active
1935,102,127,active
1936,27,127,active
1937,1,127,active
1938,73,127,active
1939,209,127,active
1940,62,127,active
1941,29,127,active
1942,174,127,active
1943,5,127,active
1944,134,127,active
1945,88,104,active
1946,99,104,active
1947,105,104,active
1948,141,104,active
1949,169,104,active
1950,183,104,active
1951,189,104,active
1952,193,104,active
1953,205,104,active
1954,242,104,active
1955,151,104,active
1956,278,104,active
1957,70,104,active
1958,100,104,active
1959,89,205,active
1960,117,205,active
1961,199,205,active
1962,215,205,active
1963,253,205,active
1964,259,205,active
1965,269,205,active
1966,275,205,active
1967,276,205,active
1968,279,205,active
1969,90,205,active
1970,93,205,active
1971,241,205,active
1972,102,205,active
1973,89,129,active
1974,135,129,active
1975,173,129,active
1976,178,129,active
1977,192,129,active
1978,230,129,active
1979,262,129,active
1980,113,129,active
1981,24,129,active
1982,95,129,active
1983,33,129,active
1984,180,129,active
1985,90,129,active
1986,270,129,active
1987,91,154,active
1988,198,154,active
1989,262,154,active
1990,196,154,active
1991,108,154,active
1992,105,154,active
1993,119,154,active
1994,205,154,active
1995,182,154,active
1996,171,154,active
1997,249,154,active
1998,241,154,active
1999,266,154,active
2000,170,154,active
2001,91,17,active
2002,111,17,active
2003,148,17,active
2004,154,17,active
2005,178,17,active
2006,214,17,active
2007,230,17,active
2008,99,17,active
2009,270,17,active
2010,26,17,active
2011,121,17,active
2012,231,17,active
2013,187,17,active
2014,16,17,active
2015,91,54,active
2016,140,54,active
2017,159,54,active
2018,171,54,active
2019,172,54,active
2020,212,54,active
2021,237,54,active
2022,241,54,active
2023,225,54,active
2024,265,54,active
2025,96,54,active
2026,239,54,active
2027,127,54,active
2028,183,54,active
2029,92,32,active
2030,99,32,active
2031,166,32,active
2032,217,32,active
2033,225,32,active
2034,260,32,active
2035,272,32,active
2036,141,32,active
2037,254,32,active
2038,151,32,active
2039,273,32,active
2040,192,32,active
2041,4,32,active
2042,107,32,active
2043,94,237,active
2044,97,237,active
2045,120,237,active
2046,199,237,active
2047,220,237,active
2048,236,237,active
2049,241,237,active
2050,249,237,active
2051,146,237,active
2052,242,237,active
2053,255,237,active
2054,142,237,active
2055,89,237,active
2056,207,237,active
2057,94,224,active
2058,104,224,active
2059,109,224,active
2060,135,224,active
2061,151,224,active
2062,157,224,active
2063,168,224,active
2064,176,224,active
2065,184,224,active
2066,219,224,active
2067,144,224,active
2068,224,224,active
2069,190,224,active
2070,209,224,active
2071,98,72,active
2072,124,72,active
2073,137,72,active
2074,149,72,active
2075,162,72,active
2076,218,72,active
2077,241,72,active
2078,250,72,active
2079,274,72,active
2080,174,72,active
2081,113,72,active
2082,269,72,active
2083,70,72,active
2084,105,72,active
2085,102,153,active
2086,148,153,active
2087,173,153,active
2088,80,153,active
2089,227,153,active
2090,99,153,active
2091,64,153,active
2092,147,153,active
2093,139,153,active
2094,160,153,active
2095,5,153,active
2096,111,153,active
2097,151,153,active
2098,281,153,active
2099,103,69,active
2100,142,69,active
2101,153,69,active
2102,157,69,active
2103,175,69,active
2104,191,69,active
2105,213,69,active
2106,222,69,active
2107,277,69,active
2108,260,69,active
2109,24,69,active
2110,26,69,active
2111,267,69,active
2112,128,69,active
2113,108,232,active
2114,114,232,active
2115,247,232,active
2116,252,232,active
2117,33,232,active
2118,199,232,active
2119,66,232,active
2120,279,232,active
2121,150,232,active
2122,4,232,active
2123,103,232,active
2124,188,232,active
2125,80,232,active
2126,101,232,active
2127,114,242,active
2128,116,242,active
2129,123,242,active
2130,136,242,active
2131,163,242,active
2132,254,242,active
2133,278,242,active
2134,111,242,active
2135,200,242,active
2136,134,242,active
2137,66,242,active
2138,201,242,active
2139,169,242,active
2140,138,242,active
2141,117,230,active
2142,142,230,active
2143,170,230,active
2144,192,230,active
2145,207,230,active
2146,226,230,active
2147,248,230,active
2148,240,230,active
2149,279,230,active
2150,65,230,active
2151,88,230,active
2152,172,230,active
2153,275,230,active
2154,101,230,active
2155,119,57,active
2156,247,57,active
2157,119,220,active
2158,137,220,active
2159,195,220,active
2160,214,220,active
2161,179,220,active
2162,248,220,active
2163,75,220,active
2164,16,220,active
2165,190,220,active
2166,79,220,active
2167,229,220,active
2168,126,220,active
2169,218,220,active
2170,32,220,active
2171,122,37,active
2172,174,37,active
2173,233,37,active
2174,264,37,active
2175,184,37,active
2176,23,37,active
2177,147,37,active
2178,275,37,active
2179,70,37,active
2180,153,37,active
2181,170,37,active
2182,91,37,active
2183,197,37,active
2184,168,37,active
2185,128,239,active
2186,129,239,active
2187,155,239,active
2188,157,239,active
2189,162,239,active
2190,168,239,active
2191,232,239,active
2192,233,239,active
2193,257,239,active
2194,208,239,active
2195,281,239,active
2196,164,239,active
2197,98,239,active
2198,144,239,active
2199,129,126,active
2200,206,126,active
2201,212,126,active
2202,141,126,active
2203,68,126,active
2204,268,126,active
2205,172,126,active
2206,122,126,active
2207,70,126,active
2208,22,126,active
2209,263,126,active
2210,143,126,active
2211,82,126,active
2212,191,126,active
2213,131,95,active
2214,135,95,active
2215,136,95,active
2216,155,95,active
2217,186,95,active
2218,16,95,active
2219,93,95,active
2220,169,95,active
2221,229,95,active
2222,33,95,active
2223,112,95,active
2224,217,95,active
2225,181,95,active
2226,86,95,active
2227,137,55,active
2228,144,55,active
2229,148,55,active
2230,150,55,active
2231,164,55,active
2232,223,55,active
2233,236,55,active
2234,252,55,active
2235,273,55,active
2236,149,55,active
2237,233,55,active
2238,135,55,active
2239,93,55,active
2240,128,55,active
2241,138,22,active
2242,152,22,active
2243,183,22,active
2244,210,22,active
2245,211,22,active
2246,230,22,active
2247,154,22,active
2248,86,22,active
2249,139,22,active
2250,125,22,active
2251,134,22,active
2252,198,22,active
2253,162,22,active
2254,188,22,active
2255,154,187,active
2256,162,187,active
2257,164,187,active
2258,211,187,active
2259,248,187,active
2260,172,187,active
2261,147,187,active
2262,258,187,active
2263,145,187,active
2264,167,187,active
2265,165,187,active
2266,253,187,active
2267,166,187,active
2268,155,187,active
2269,159,97,active
2270,248,97,active
2271,257,97,active
2272,201,97,active
2273,265,97,active
2274,116,97,active
2275,99,97,active
2276,63,97,active
2277,266,97,active
2278,81,97,active
2279,254,97,active
2280,168,97,active
2281,206,97,active
2282,227,97,active
2283,172,98,active
2284,188,98,active
2285,242,98,active
2286,277,98,active
2287,182,98,active
2288,200,98,active
2289,123,98,active
2290,10,98,active
2291,142,98,active
2292,132,98,active
2293,224,98,active
2294,247,98,active
2295,262,98,active
2296,126,98,active
2297,181,121,active
2298,199,121,active
2299,226,121,active
2300,273,121,active
2301,171,121,active
2302,217,121,active
2303,169,121,active
2304,194,121,active
2305,223,121,active
2306,164,121,active
2307,266,121,active
2308,135,121,active
2309,115,121,active
2310,62,121,active
2311,187,173,active
2312,222,173,active
2313,270,173,active
2314,161,173,active
2315,172,173,active
2316,33,173,active
2317,14,173,active
2318,23,173,active
2319,167,173,active
2320,158,173,active
2321,255,173,active
2322,6,173,active
2323,272,173,active
2324,4,173,active
2325,192,227,active
2326,256,227,active
2327,262,227,active
2328,276,227,active
2329,278,227,active
2330,279,227,active
2331,224,227,active
2332,160,227,active
2333,12,227,active
2334,198,227,active
2335,208,227,active
2336,182,227,active
2337,27,227,active
2338,94,227,active
2339,209,62,active
2340,213,62,active
2341,237,62,active
2342,264,62,active
2343,5,62,active
2344,218,62,active
2345,219,62,active
2346,170,62,active
2347,87,62,active
2348,131,62,active
2349,189,62,active
2350,216,62,active
2351,31,62,active
2352,238,62,active
2353,212,80,active
2354,220,80,active
2355,235,80,active
2356,99,80,active
2357,67,80,active
2358,255,80,active
2359,199,80,active
2360,31,80,active
2361,186,80,active
2362,190,80,active
2363,274,80,active
2364,158,80,active
2365,197,80,active
2366,4,80,active
