id,full_name,email,password_hash,role,account_status,created_at,updated_at,profile_image_url,program_id,current_study_year,current_semester,must_change_password
1,Shai Fisher,shai.fisher@ac.sce.ac.il,$2b$10$1EbZYKGJ50RJqXaDIhXSHeeU.avGvRXajL/a0YFOl8.bYMBMtgLSC,student,active,"""2026-05-24T21:17:43.738Z""","""2026-05-24T21:17:43.738Z""",,1,First,A,false
2,Dr. Liat Levi,liat.levi@sce.ac.il,$2b$10$1EbZYKGJ50RJqXaDIhXSHeeU.avGvRXajL/a0YFOl8.bYMBMtgLSC,lecturer,active,"""2026-05-24T21:17:43.738Z""","""2026-05-24T21:17:43.738Z""",,,,,false
3,Alex Adam,admin@eps.com,$2b$10$1EbZYKGJ50RJqXaDIhXSHeeU.avGvRXajL/a0YFOl8.bYMBMtgLSC,admin,active,"""2026-05-24T21:17:43.738Z""","""2026-05-24T21:17:43.738Z""",,,,,false
4,Noa Cohen,noa.cohen@ac.sce.ac.il,$2b$10$1EbZYKGJ50RJqXaDIhXSHeeU.avGvRXajL/a0YFOl8.bYMBMtgLSC,student,active,"""2026-05-24T21:17:43.738Z""","""2026-05-24T21:17:43.738Z""",,1,First,B,false
5,Daniel Mizrahi,daniel.mizrahi@ac.sce.ac.il,$2b$10$1EbZYKGJ50RJqXaDIhXSHeeU.avGvRXajL/a0YFOl8.bYMBMtgLSC,student,active,"""2026-05-24T21:17:43.738Z""","""2026-05-24T21:17:43.738Z""",,1,Second,A,false
6,Maya Levi,maya.levi@ac.sce.ac.il,$2b$10$1EbZYKGJ50RJqXaDIhXSHeeU.avGvRXajL/a0YFOl8.bYMBMtgLSC,student,active,"""2026-05-24T21:17:43.738Z""","""2026-05-24T21:17:43.738Z""",,1,Second,B,false
7,Dr. Amir Barak,amir.barak@sce.ac.il,$2b$10$1EbZYKGJ50RJqXaDIhXSHeeU.avGvRXajL/a0YFOl8.bYMBMtgLSC,lecturer,active,"""2026-05-24T21:17:43.738Z""","""2026-05-24T21:17:43.738Z""",,,,,true
10,Sivan Sanvetu,sivan.sanvetu@ac.sce.ac.il,$2b$10$tiI0aB1JUFDYXTQowuoMluLErMYeou9qZEyZmyV9XQYicqVWMNAAG,student,active,"""2026-05-24T21:17:43.738Z""","""2026-05-24T21:17:43.738Z""",,1,Third,A,false
11,Dr. Dana Cohen,dana.cohen@sce.ac.il,$2b$10$1EbZYKGJ50RJqXaDIhXSHeeU.avGvRXajL/a0YFOl8.bYMBMtgLSC,lecturer,active,"""2026-05-24T21:17:43.738Z""","""2026-05-24T21:17:43.738Z""",,,,,true
12,Tal Ben-Ami,tal.benami@ac.sce.ac.il,$2b$10$1EbZYKGJ50RJqXaDIhXSHeeU.avGvRXajL/a0YFOl8.bYMBMtgLSC,student,active,"""2026-05-24T21:17:43.738Z""","""2026-05-24T21:17:43.738Z""",,2,First,A,false
13,Dr. Ron Shalev,ron.shalev@sce.ac.il,$2b$10$1EbZYKGJ50RJqXaDIhXSHeeU.avGvRXajL/a0YFOl8.bYMBMtgLSC,lecturer,active,"""2026-05-24T21:17:43.738Z""","""2026-05-24T21:17:43.738Z""",,,,,true
14,Ori Ben David,ori.bendavid@ac.sce.ac.il,$2b$10$1EbZYKGJ50RJqXaDIhXSHeeU.avGvRXajL/a0YFOl8.bYMBMtgLSC,student,active,"""2026-05-24T21:17:43.738Z""","""2026-05-24T21:17:43.738Z""",,3,First,A,false
15,Dr. Yael Katz,yael.katz@sce.ac.il,$2b$10$1EbZYKGJ50RJqXaDIhXSHeeU.avGvRXajL/a0YFOl8.bYMBMtgLSC,lecturer,active,"""2026-05-24T21:17:43.738Z""","""2026-05-24T21:17:43.738Z""",,,,,true
16,Rina Avraham,rina.avraham@ac.sce.ac.il,$2b$10$1EbZYKGJ50RJqXaDIhXSHeeU.avGvRXajL/a0YFOl8.bYMBMtgLSC,student,active,"""2026-05-24T21:17:43.738Z""","""2026-05-24T21:17:43.738Z""",,4,First,A,false
17,Dr. Eyal Mor,eyal.mor@sce.ac.il,$2b$10$1EbZYKGJ50RJqXaDIhXSHeeU.avGvRXajL/a0YFOl8.bYMBMtgLSC,lecturer,active,"""2026-05-24T21:17:43.738Z""","""2026-05-24T21:17:43.738Z""",,,,,true
18,Lior Peretz,lior.peretz@ac.sce.ac.il,$2b$10$1EbZYKGJ50RJqXaDIhXSHeeU.avGvRXajL/a0YFOl8.bYMBMtgLSC,student,active,"""2026-05-24T21:17:43.738Z""","""2026-05-24T21:17:43.738Z""",,5,First,A,false
19,Dr. Gal Naveh,gal.naveh@sce.ac.il,$2b$10$1EbZYKGJ50RJqXaDIhXSHeeU.avGvRXajL/a0YFOl8.bYMBMtgLSC,lecturer,active,"""2026-05-24T21:17:43.738Z""","""2026-05-24T21:17:43.738Z""",,,,,true
20,Eden Shalom,eden.shalom@ac.sce.ac.il,$2b$10$1EbZYKGJ50RJqXaDIhXSHeeU.avGvRXajL/a0YFOl8.bYMBMtgLSC,student,active,"""2026-05-24T21:17:43.738Z""","""2026-05-24T21:17:43.738Z""",,6,First,A,false
21,Tamar Biton,tamar.biton@ac.sce.ac.il,$2b$10$1EbZYKGJ50RJqXaDIhXSHeeU.avGvRXajL/a0YFOl8.bYMBMtgLSC,student,active,"""2026-05-24T21:17:43.738Z""","""2026-05-24T21:17:43.738Z""",,7,First,A,false
22,Yael Harari,yael.harari@ac.sce.ac.il,$2b$10$1EbZYKGJ50RJqXaDIhXSHeeU.avGvRXajL/a0YFOl8.bYMBMtgLSC,student,active,"""2026-05-24T21:17:43.738Z""","""2026-05-24T21:17:43.738Z""",,2,First,B,false
23,Omer Dahan,omer.dahan@ac.sce.ac.il,$2b$10$1EbZYKGJ50RJqXaDIhXSHeeU.avGvRXajL/a0YFOl8.bYMBMtgLSC,student,active,"""2026-05-24T21:17:43.738Z""","""2026-05-24T21:17:43.738Z""",,2,Second,A,false
24,Neta Amar,neta.amar@ac.sce.ac.il,$2b$10$1EbZYKGJ50RJqXaDIhXSHeeU.avGvRXajL/a0YFOl8.bYMBMtgLSC,student,active,"""2026-05-24T21:17:43.738Z""","""2026-05-24T21:17:43.738Z""",,3,First,B,false
25,Amit Cohen,amit.cohen@ac.sce.ac.il,$2b$10$1EbZYKGJ50RJqXaDIhXSHeeU.avGvRXajL/a0YFOl8.bYMBMtgLSC,student,active,"""2026-05-24T21:17:43.738Z""","""2026-05-24T21:17:43.738Z""",,3,Second,A,false
26,Noam Shamir,noam.shamir@ac.sce.ac.il,$2b$10$1EbZYKGJ50RJqXaDIhXSHeeU.avGvRXajL/a0YFOl8.bYMBMtgLSC,student,active,"""2026-05-24T21:17:43.738Z""","""2026-05-24T21:17:43.738Z""",,4,First,B,false
27,Shira Azulay,shira.azulay@ac.sce.ac.il,$2b$10$1EbZYKGJ50RJqXaDIhXSHeeU.avGvRXajL/a0YFOl8.bYMBMtgLSC,student,active,"""2026-05-24T21:17:43.738Z""","""2026-05-24T21:17:43.738Z""",,4,Second,A,false
28,Maya Rahamim,maya.rahamim@ac.sce.ac.il,$2b$10$1EbZYKGJ50RJqXaDIhXSHeeU.avGvRXajL/a0YFOl8.bYMBMtgLSC,student,active,"""2026-05-24T21:17:43.738Z""","""2026-05-24T21:17:43.738Z""",,5,First,B,false
29,Ido Malka,ido.malka@ac.sce.ac.il,$2b$10$1EbZYKGJ50RJqXaDIhXSHeeU.avGvRXajL/a0YFOl8.bYMBMtgLSC,student,active,"""2026-05-24T21:17:43.738Z""","""2026-05-24T21:17:43.738Z""",,5,Second,A,false
30,Roy Ben Simon,roy.bensimon@ac.sce.ac.il,$2b$10$1EbZYKGJ50RJqXaDIhXSHeeU.avGvRXajL/a0YFOl8.bYMBMtgLSC,student,active,"""2026-05-24T21:17:43.738Z""","""2026-05-24T21:17:43.738Z""",,6,First,B,false
31,Hila Romano,hila.romano@ac.sce.ac.il,$2b$10$1EbZYKGJ50RJqXaDIhXSHeeU.avGvRXajL/a0YFOl8.bYMBMtgLSC,student,active,"""2026-05-24T21:17:43.738Z""","""2026-05-24T21:17:43.738Z""",,6,Second,A,false
32,Ari Golan,ari.golan@ac.sce.ac.il,$2b$10$1EbZYKGJ50RJqXaDIhXSHeeU.avGvRXajL/a0YFOl8.bYMBMtgLSC,student,active,"""2026-05-24T21:17:43.738Z""","""2026-05-24T21:17:43.738Z""",,7,First,B,false
33,Dana Friedman,dana.friedman@ac.sce.ac.il,$2b$10$1EbZYKGJ50RJqXaDIhXSHeeU.avGvRXajL/a0YFOl8.bYMBMtgLSC,student,active,"""2026-05-24T21:17:43.738Z""","""2026-05-24T21:17:43.738Z""",,7,Second,A,false
34,Dr. Amir Sela,amir.sela@sce.ac.il,$2b$10$1EbZYKGJ50RJqXaDIhXSHeeU.avGvRXajL/a0YFOl8.bYMBMtgLSC,lecturer,active,"""2026-05-24T21:17:43.738Z""","""2026-05-24T21:17:43.738Z""",,,,,false
35,Dr. Hagar Cohen,hagar.cohen@sce.ac.il,$2b$10$1EbZYKGJ50RJqXaDIhXSHeeU.avGvRXajL/a0YFOl8.bYMBMtgLSC,lecturer,active,"""2026-05-24T21:17:43.738Z""","""2026-05-24T21:17:43.738Z""",,,,,false
36,Dr. Eyal Rosenthal,eyal.rosenthal@sce.ac.il,$2b$10$1EbZYKGJ50RJqXaDIhXSHeeU.avGvRXajL/a0YFOl8.bYMBMtgLSC,lecturer,active,"""2026-05-24T21:17:43.738Z""","""2026-05-24T21:17:43.738Z""",,,,,false
37,Dr. Michal Zohar,michal.zohar@sce.ac.il,$2b$10$1EbZYKGJ50RJqXaDIhXSHeeU.avGvRXajL/a0YFOl8.bYMBMtgLSC,lecturer,active,"""2026-05-24T21:17:43.738Z""","""2026-05-24T21:17:43.738Z""",,,,,false
38,Dr. Nadav Bar,nadav.bar@sce.ac.il,$2b$10$1EbZYKGJ50RJqXaDIhXSHeeU.avGvRXajL/a0YFOl8.bYMBMtgLSC,lecturer,active,"""2026-05-24T21:17:43.738Z""","""2026-05-24T21:17:43.738Z""",,,,,false
39,Dr. Keren Shapira,keren.shapira@sce.ac.il,$2b$10$1EbZYKGJ50RJqXaDIhXSHeeU.avGvRXajL/a0YFOl8.bYMBMtgLSC,lecturer,active,"""2026-05-24T21:17:43.738Z""","""2026-05-24T21:17:43.738Z""",,,,,false
40,Dr. Roni Tal,roni.tal@sce.ac.il,$2b$10$1EbZYKGJ50RJqXaDIhXSHeeU.avGvRXajL/a0YFOl8.bYMBMtgLSC,lecturer,active,"""2026-05-24T21:17:43.738Z""","""2026-05-24T21:17:43.738Z""",,,,,false
41,Dr. Yaara Stein,yaara.stein@sce.ac.il,$2b$10$1EbZYKGJ50RJqXaDIhXSHeeU.avGvRXajL/a0YFOl8.bYMBMtgLSC,lecturer,active,"""2026-05-24T21:17:43.738Z""","""2026-05-24T21:17:43.738Z""",,,,,false
42,Dr. Oren Shaked,oren.shaked@sce.ac.il,$2b$10$1EbZYKGJ50RJqXaDIhXSHeeU.avGvRXajL/a0YFOl8.bYMBMtgLSC,lecturer,active,"""2026-05-24T21:17:43.738Z""","""2026-05-24T21:17:43.738Z""",,,,,false
43,Dr. Galit Mor,galit.mor@sce.ac.il,$2b$10$1EbZYKGJ50RJqXaDIhXSHeeU.avGvRXajL/a0YFOl8.bYMBMtgLSC,lecturer,active,"""2026-05-24T21:17:43.738Z""","""2026-05-24T21:17:43.738Z""",,,,,false
44,Dr. Itai Shalev,itai.shalev@sce.ac.il,$2b$10$1EbZYKGJ50RJqXaDIhXSHeeU.avGvRXajL/a0YFOl8.bYMBMtgLSC,lecturer,active,"""2026-05-24T21:17:43.738Z""","""2026-05-24T21:17:43.738Z""",,,,,false
45,Dr. Liron Katz,liron.katz@sce.ac.il,$2b$10$1EbZYKGJ50RJqXaDIhXSHeeU.avGvRXajL/a0YFOl8.bYMBMtgLSC,lecturer,active,"""2026-05-24T21:17:43.738Z""","""2026-05-24T21:17:43.738Z""",,,,,false
46,Dr. Talia Green,talia.green@sce.ac.il,$2b$10$1EbZYKGJ50RJqXaDIhXSHeeU.avGvRXajL/a0YFOl8.bYMBMtgLSC,lecturer,active,"""2026-05-24T21:17:43.738Z""","""2026-05-24T21:17:43.738Z""",,,,,false
47,Dr. Avner Cohen,avner.cohen@sce.ac.il,$2b$10$1EbZYKGJ50RJqXaDIhXSHeeU.avGvRXajL/a0YFOl8.bYMBMtgLSC,lecturer,active,"""2026-05-24T21:17:43.738Z""","""2026-05-24T21:17:43.738Z""",,,,,false
48,Dr. Noa Klein,noa.klein@sce.ac.il,$2b$10$1EbZYKGJ50RJqXaDIhXSHeeU.avGvRXajL/a0YFOl8.bYMBMtgLSC,lecturer,active,"""2026-05-24T21:17:43.738Z""","""2026-05-24T21:17:43.738Z""",,,,,false
49,Dr. Yair Naveh,yair.naveh@sce.ac.il,$2b$10$1EbZYKGJ50RJqXaDIhXSHeeU.avGvRXajL/a0YFOl8.bYMBMtgLSC,lecturer,active,"""2026-05-24T21:17:43.738Z""","""2026-05-24T21:17:43.738Z""",,,,,false
50,Dr. Alma Lavi,alma.lavi@sce.ac.il,$2b$10$1EbZYKGJ50RJqXaDIhXSHeeU.avGvRXajL/a0YFOl8.bYMBMtgLSC,lecturer,active,"""2026-05-24T21:17:43.738Z""","""2026-05-24T21:17:43.738Z""",,,,,false
51,Dr. Eran Barak,eran.barak@sce.ac.il,$2b$10$1EbZYKGJ50RJqXaDIhXSHeeU.avGvRXajL/a0YFOl8.bYMBMtgLSC,lecturer,active,"""2026-05-24T21:17:43.738Z""","""2026-05-24T21:17:43.738Z""",,,,,false
52,Dr. Dafna Levi,dafna.levi@sce.ac.il,$2b$10$1EbZYKGJ50RJqXaDIhXSHeeU.avGvRXajL/a0YFOl8.bYMBMtgLSC,lecturer,active,"""2026-05-24T21:17:43.738Z""","""2026-05-24T21:17:43.738Z""",,,,,false
53,Dr. Uri Mizrahi,uri.mizrahi@sce.ac.il,$2b$10$1EbZYKGJ50RJqXaDIhXSHeeU.avGvRXajL/a0YFOl8.bYMBMtgLSC,lecturer,active,"""2026-05-24T21:17:43.738Z""","""2026-05-24T21:17:43.738Z""",,,,,false
54,Dr. Yael Shani,yael.shani@sce.ac.il,$2b$10$1EbZYKGJ50RJqXaDIhXSHeeU.avGvRXajL/a0YFOl8.bYMBMtgLSC,lecturer,active,"""2026-05-24T21:17:43.738Z""","""2026-05-24T21:17:43.738Z""",,,,,false
55,Dr. Miriam Azulay,miriam.azulay@sce.ac.il,$2b$10$1EbZYKGJ50RJqXaDIhXSHeeU.avGvRXajL/a0YFOl8.bYMBMtgLSC,lecturer,active,"""2026-05-24T21:17:43.738Z""","""2026-05-24T21:17:43.738Z""",,,,,false
56,Dr. Yoav Ben Natan,yoav.bennatan@sce.ac.il,$2b$10$1EbZYKGJ50RJqXaDIhXSHeeU.avGvRXajL/a0YFOl8.bYMBMtgLSC,lecturer,active,"""2026-05-24T21:17:43.738Z""","""2026-05-24T21:17:43.738Z""",,,,,false
57,Dr. Hadas Avraham,hadas.avraham@sce.ac.il,$2b$10$1EbZYKGJ50RJqXaDIhXSHeeU.avGvRXajL/a0YFOl8.bYMBMtgLSC,lecturer,active,"""2026-05-24T21:17:43.738Z""","""2026-05-24T21:17:43.738Z""",,,,,false
58,Dr. Gilad Sharabi,gilad.sharabi@sce.ac.il,$2b$10$1EbZYKGJ50RJqXaDIhXSHeeU.avGvRXajL/a0YFOl8.bYMBMtgLSC,lecturer,active,"""2026-05-24T21:17:43.738Z""","""2026-05-24T21:17:43.738Z""",,,,,false
59,Dr. Noa Aharoni,noa.aharoni@sce.ac.il,$2b$10$1EbZYKGJ50RJqXaDIhXSHeeU.avGvRXajL/a0YFOl8.bYMBMtgLSC,lecturer,active,"""2026-05-24T21:17:43.738Z""","""2026-05-24T21:17:43.738Z""",,,,,false
60,Dr. Eitan Romano,eitan.romano@sce.ac.il,$2b$10$1EbZYKGJ50RJqXaDIhXSHeeU.avGvRXajL/a0YFOl8.bYMBMtgLSC,lecturer,active,"""2026-05-24T21:17:43.738Z""","""2026-05-24T21:17:43.738Z""",,,,,false
61,Dr. Sarah Friedman,sarah.friedman@sce.ac.il,$2b$10$1EbZYKGJ50RJqXaDIhXSHeeU.avGvRXajL/a0YFOl8.bYMBMtgLSC,lecturer,active,"""2026-05-24T21:17:43.738Z""","""2026-05-24T21:17:43.738Z""",,,,,false
62,Adam Levi,adam.levi@ac.sce.ac.il,$2b$10$1EbZYKGJ50RJqXaDIhXSHeeU.avGvRXajL/a0YFOl8.bYMBMtgLSC,student,active,"""2026-05-24T21:17:43.738Z""","""2026-05-24T21:17:43.738Z""",,1,Second,B,false
63,Noa Cohen,noa.cohen63@ac.sce.ac.il,$2b$10$1EbZYKGJ50RJqXaDIhXSHeeU.avGvRXajL/a0YFOl8.bYMBMtgLSC,student,active,"""2026-05-24T21:17:43.738Z""","""2026-05-24T21:17:43.738Z""",,1,Third,A,false
64,Daniel Mizrahi,daniel.mizrahi64@ac.sce.ac.il,$2b$10$1EbZYKGJ50RJqXaDIhXSHeeU.avGvRXajL/a0YFOl8.bYMBMtgLSC,student,active,"""2026-05-24T21:17:43.738Z""","""2026-05-24T21:17:43.738Z""",,1,Fourth,B,false
65,Maya Avraham,maya.avraham@ac.sce.ac.il,$2b$10$1EbZYKGJ50RJqXaDIhXSHeeU.avGvRXajL/a0YFOl8.bYMBMtgLSC,student,active,"""2026-05-24T21:17:43.738Z""","""2026-05-24T21:17:43.738Z""",,1,First,A,false
66,Eitan Biton,eitan.biton@ac.sce.ac.il,$2b$10$1EbZYKGJ50RJqXaDIhXSHeeU.avGvRXajL/a0YFOl8.bYMBMtgLSC,student,active,"""2026-05-24T21:17:43.738Z""","""2026-05-24T21:17:43.738Z""",,1,Second,B,false
67,Shira Peretz,shira.peretz@ac.sce.ac.il,$2b$10$1EbZYKGJ50RJqXaDIhXSHeeU.avGvRXajL/a0YFOl8.bYMBMtgLSC,student,active,"""2026-05-24T21:17:43.738Z""","""2026-05-24T21:17:43.738Z""",,1,Third,A,false
68,Amit Dahan,amit.dahan@ac.sce.ac.il,$2b$10$1EbZYKGJ50RJqXaDIhXSHeeU.avGvRXajL/a0YFOl8.bYMBMtgLSC,student,active,"""2026-05-24T21:17:43.738Z""","""2026-05-24T21:17:43.738Z""",,1,Fourth,B,false
69,Tamar Azulay,tamar.azulay@ac.sce.ac.il,$2b$10$1EbZYKGJ50RJqXaDIhXSHeeU.avGvRXajL/a0YFOl8.bYMBMtgLSC,student,active,"""2026-05-24T21:17:43.738Z""","""2026-05-24T21:17:43.738Z""",,1,First,A,false
70,Ido Barak,ido.barak@ac.sce.ac.il,$2b$10$1EbZYKGJ50RJqXaDIhXSHeeU.avGvRXajL/a0YFOl8.bYMBMtgLSC,student,active,"""2026-05-24T21:17:43.738Z""","""2026-05-24T21:17:43.738Z""",,1,Second,B,false
71,Hila Shalev,hila.shalev@ac.sce.ac.il,$2b$10$1EbZYKGJ50RJqXaDIhXSHeeU.avGvRXajL/a0YFOl8.bYMBMtgLSC,student,active,"""2026-05-24T21:17:43.738Z""","""2026-05-24T21:17:43.738Z""",,1,Third,A,false
72,Roy Katz,roy.katz@ac.sce.ac.il,$2b$10$1EbZYKGJ50RJqXaDIhXSHeeU.avGvRXajL/a0YFOl8.bYMBMtgLSC,student,active,"""2026-05-24T21:17:43.738Z""","""2026-05-24T21:17:43.738Z""",,1,Fourth,B,false
73,Neta Mor,neta.mor@ac.sce.ac.il,$2b$10$1EbZYKGJ50RJqXaDIhXSHeeU.avGvRXajL/a0YFOl8.bYMBMtgLSC,student,active,"""2026-05-24T21:17:43.738Z""","""2026-05-24T21:17:43.738Z""",,1,First,A,false
74,Omer Naveh,omer.naveh@ac.sce.ac.il,$2b$10$1EbZYKGJ50RJqXaDIhXSHeeU.avGvRXajL/a0YFOl8.bYMBMtgLSC,student,active,"""2026-05-24T21:17:43.738Z""","""2026-05-24T21:17:43.738Z""",,1,Second,B,false
75,Yael Ben Ami,yael.benami@ac.sce.ac.il,$2b$10$1EbZYKGJ50RJqXaDIhXSHeeU.avGvRXajL/a0YFOl8.bYMBMtgLSC,student,active,"""2026-05-24T21:17:43.738Z""","""2026-05-24T21:17:43.738Z""",,1,Third,A,false
76,Lior Shapira,lior.shapira@ac.sce.ac.il,$2b$10$1EbZYKGJ50RJqXaDIhXSHeeU.avGvRXajL/a0YFOl8.bYMBMtgLSC,student,active,"""2026-05-24T21:17:43.738Z""","""2026-05-24T21:17:43.738Z""",,1,Fourth,B,false
77,Roni Tal,roni.tal@ac.sce.ac.il,$2b$10$1EbZYKGJ50RJqXaDIhXSHeeU.avGvRXajL/a0YFOl8.bYMBMtgLSC,student,active,"""2026-05-24T21:17:43.738Z""","""2026-05-24T21:17:43.738Z""",,1,First,A,false
78,Gal Friedman,gal.friedman@ac.sce.ac.il,$2b$10$1EbZYKGJ50RJqXaDIhXSHeeU.avGvRXajL/a0YFOl8.bYMBMtgLSC,student,active,"""2026-05-24T21:17:43.738Z""","""2026-05-24T21:17:43.738Z""",,1,Second,B,false
79,Dana Amar,dana.amar@ac.sce.ac.il,$2b$10$1EbZYKGJ50RJqXaDIhXSHeeU.avGvRXajL/a0YFOl8.bYMBMtgLSC,student,active,"""2026-05-24T21:17:43.738Z""","""2026-05-24T21:17:43.738Z""",,1,Third,A,false
80,Yair Golan,yair.golan@ac.sce.ac.il,$2b$10$1EbZYKGJ50RJqXaDIhXSHeeU.avGvRXajL/a0YFOl8.bYMBMtgLSC,student,active,"""2026-05-24T21:17:43.738Z""","""2026-05-24T21:17:43.738Z""",,1,Fourth,B,false
81,Alma Harari,alma.harari@ac.sce.ac.il,$2b$10$1EbZYKGJ50RJqXaDIhXSHeeU.avGvRXajL/a0YFOl8.bYMBMtgLSC,student,active,"""2026-05-24T21:17:43.738Z""","""2026-05-24T21:17:43.738Z""",,2,Third,A,false
82,Itai Romano,itai.romano@ac.sce.ac.il,$2b$10$1EbZYKGJ50RJqXaDIhXSHeeU.avGvRXajL/a0YFOl8.bYMBMtgLSC,student,active,"""2026-05-24T21:17:43.738Z""","""2026-05-24T21:17:43.738Z""",,2,Fourth,B,false
83,Keren Ben David,keren.bendavid@ac.sce.ac.il,$2b$10$1EbZYKGJ50RJqXaDIhXSHeeU.avGvRXajL/a0YFOl8.bYMBMtgLSC,student,active,"""2026-05-24T21:17:43.738Z""","""2026-05-24T21:17:43.738Z""",,2,First,A,false
84,Uri Shamir,uri.shamir@ac.sce.ac.il,$2b$10$1EbZYKGJ50RJqXaDIhXSHeeU.avGvRXajL/a0YFOl8.bYMBMtgLSC,student,active,"""2026-05-24T21:17:43.738Z""","""2026-05-24T21:17:43.738Z""",,2,Second,B,false
85,Dafna Malka,dafna.malka@ac.sce.ac.il,$2b$10$1EbZYKGJ50RJqXaDIhXSHeeU.avGvRXajL/a0YFOl8.bYMBMtgLSC,student,active,"""2026-05-24T21:17:43.738Z""","""2026-05-24T21:17:43.738Z""",,2,Third,A,false
86,Eden Sela,eden.sela@ac.sce.ac.il,$2b$10$1EbZYKGJ50RJqXaDIhXSHeeU.avGvRXajL/a0YFOl8.bYMBMtgLSC,student,active,"""2026-05-24T21:17:43.738Z""","""2026-05-24T21:17:43.738Z""",,2,Fourth,B,false
87,Nadav Zohar,nadav.zohar@ac.sce.ac.il,$2b$10$1EbZYKGJ50RJqXaDIhXSHeeU.avGvRXajL/a0YFOl8.bYMBMtgLSC,student,active,"""2026-05-24T21:17:43.738Z""","""2026-05-24T21:17:43.738Z""",,2,First,A,false
88,Hagar Green,hagar.green@ac.sce.ac.il,$2b$10$1EbZYKGJ50RJqXaDIhXSHeeU.avGvRXajL/a0YFOl8.bYMBMtgLSC,student,active,"""2026-05-24T21:17:43.738Z""","""2026-05-24T21:17:43.738Z""",,2,Second,B,false
89,Oren Lavi,oren.lavi@ac.sce.ac.il,$2b$10$1EbZYKGJ50RJqXaDIhXSHeeU.avGvRXajL/a0YFOl8.bYMBMtgLSC,student,active,"""2026-05-24T21:17:43.738Z""","""2026-05-24T21:17:43.738Z""",,2,Third,A,false
90,Talia Klein,talia.klein@ac.sce.ac.il,$2b$10$1EbZYKGJ50RJqXaDIhXSHeeU.avGvRXajL/a0YFOl8.bYMBMtgLSC,student,active,"""2026-05-24T21:17:43.738Z""","""2026-05-24T21:17:43.738Z""",,2,Fourth,B,false
91,Avner Shani,avner.shani@ac.sce.ac.il,$2b$10$1EbZYKGJ50RJqXaDIhXSHeeU.avGvRXajL/a0YFOl8.bYMBMtgLSC,student,active,"""2026-05-24T21:17:43.738Z""","""2026-05-24T21:17:43.738Z""",,2,First,A,false
92,Yarden Rahav,yarden.rahav@ac.sce.ac.il,$2b$10$1EbZYKGJ50RJqXaDIhXSHeeU.avGvRXajL/a0YFOl8.bYMBMtgLSC,student,active,"""2026-05-24T21:17:43.738Z""","""2026-05-24T21:17:43.738Z""",,2,Second,B,false
93,Adi Ohana,adi.ohana@ac.sce.ac.il,$2b$10$1EbZYKGJ50RJqXaDIhXSHeeU.avGvRXajL/a0YFOl8.bYMBMtgLSC,student,active,"""2026-05-24T21:17:43.738Z""","""2026-05-24T21:17:43.738Z""",,2,Third,A,false
94,Guy Maman,guy.maman@ac.sce.ac.il,$2b$10$1EbZYKGJ50RJqXaDIhXSHeeU.avGvRXajL/a0YFOl8.bYMBMtgLSC,student,active,"""2026-05-24T21:17:43.738Z""","""2026-05-24T21:17:43.738Z""",,2,Fourth,B,false
95,Shani Atias,shani.atias@ac.sce.ac.il,$2b$10$1EbZYKGJ50RJqXaDIhXSHeeU.avGvRXajL/a0YFOl8.bYMBMtgLSC,student,active,"""2026-05-24T21:17:43.738Z""","""2026-05-24T21:17:43.738Z""",,2,First,A,false
96,Matan Carmi,matan.carmi@ac.sce.ac.il,$2b$10$1EbZYKGJ50RJqXaDIhXSHeeU.avGvRXajL/a0YFOl8.bYMBMtgLSC,student,active,"""2026-05-24T21:17:43.738Z""","""2026-05-24T21:17:43.738Z""",,2,Second,B,false
97,Linoy Kadosh,linoy.kadosh@ac.sce.ac.il,$2b$10$1EbZYKGJ50RJqXaDIhXSHeeU.avGvRXajL/a0YFOl8.bYMBMtgLSC,student,active,"""2026-05-24T21:17:43.738Z""","""2026-05-24T21:17:43.738Z""",,2,Third,A,false
98,Ariel Yosef,ariel.yosef@ac.sce.ac.il,$2b$10$1EbZYKGJ50RJqXaDIhXSHeeU.avGvRXajL/a0YFOl8.bYMBMtgLSC,student,active,"""2026-05-24T21:17:43.738Z""","""2026-05-24T21:17:43.738Z""",,2,Fourth,B,false
99,Bar Sasson,bar.sasson@ac.sce.ac.il,$2b$10$1EbZYKGJ50RJqXaDIhXSHeeU.avGvRXajL/a0YFOl8.bYMBMtgLSC,student,active,"""2026-05-24T21:17:43.738Z""","""2026-05-24T21:17:43.738Z""",,2,First,A,false
100,Ofir Hadad,ofir.hadad@ac.sce.ac.il,$2b$10$1EbZYKGJ50RJqXaDIhXSHeeU.avGvRXajL/a0YFOl8.bYMBMtgLSC,student,active,"""2026-05-24T21:17:43.738Z""","""2026-05-24T21:17:43.738Z""",,2,Second,B,false
101,Chen Tzur,chen.tzur@ac.sce.ac.il,$2b$10$1EbZYKGJ50RJqXaDIhXSHeeU.avGvRXajL/a0YFOl8.bYMBMtgLSC,student,active,"""2026-05-24T21:17:43.738Z""","""2026-05-24T21:17:43.738Z""",,2,Third,A,false
102,Niv Vaknin,niv.vaknin@ac.sce.ac.il,$2b$10$1EbZYKGJ50RJqXaDIhXSHeeU.avGvRXajL/a0YFOl8.bYMBMtgLSC,student,active,"""2026-05-24T21:17:43.738Z""","""2026-05-24T21:17:43.738Z""",,3,Fourth,B,false
103,Tair Barel,tair.barel@ac.sce.ac.il,$2b$10$1EbZYKGJ50RJqXaDIhXSHeeU.avGvRXajL/a0YFOl8.bYMBMtgLSC,student,active,"""2026-05-24T21:17:43.738Z""","""2026-05-24T21:17:43.738Z""",,3,First,A,false
104,Sapir Dayan,sapir.dayan@ac.sce.ac.il,$2b$10$1EbZYKGJ50RJqXaDIhXSHeeU.avGvRXajL/a0YFOl8.bYMBMtgLSC,student,active,"""2026-05-24T21:17:43.738Z""","""2026-05-24T21:17:43.738Z""",,3,Second,B,false
105,Yoni Caspit,yoni.caspit@ac.sce.ac.il,$2b$10$1EbZYKGJ50RJqXaDIhXSHeeU.avGvRXajL/a0YFOl8.bYMBMtgLSC,student,active,"""2026-05-24T21:17:43.738Z""","""2026-05-24T21:17:43.738Z""",,3,Third,A,false
106,Maayan Elbaz,maayan.elbaz@ac.sce.ac.il,$2b$10$1EbZYKGJ50RJqXaDIhXSHeeU.avGvRXajL/a0YFOl8.bYMBMtgLSC,student,active,"""2026-05-24T21:17:43.738Z""","""2026-05-24T21:17:43.738Z""",,3,Fourth,B,false
107,Ravid Farhi,ravid.farhi@ac.sce.ac.il,$2b$10$1EbZYKGJ50RJqXaDIhXSHeeU.avGvRXajL/a0YFOl8.bYMBMtgLSC,student,active,"""2026-05-24T21:17:43.738Z""","""2026-05-24T21:17:43.738Z""",,3,First,A,false
108,Yuval Goldberg,yuval.goldberg@ac.sce.ac.il,$2b$10$1EbZYKGJ50RJqXaDIhXSHeeU.avGvRXajL/a0YFOl8.bYMBMtgLSC,student,active,"""2026-05-24T21:17:43.738Z""","""2026-05-24T21:17:43.738Z""",,3,Second,B,false
109,Noam Hakim,noam.hakim@ac.sce.ac.il,$2b$10$1EbZYKGJ50RJqXaDIhXSHeeU.avGvRXajL/a0YFOl8.bYMBMtgLSC,student,active,"""2026-05-24T21:17:43.738Z""","""2026-05-24T21:17:43.738Z""",,3,Third,A,false
110,Roei Israeli,roei.israeli@ac.sce.ac.il,$2b$10$1EbZYKGJ50RJqXaDIhXSHeeU.avGvRXajL/a0YFOl8.bYMBMtgLSC,student,active,"""2026-05-24T21:17:43.738Z""","""2026-05-24T21:17:43.738Z""",,3,Fourth,B,false
111,Moria Jerbi,moria.jerbi@ac.sce.ac.il,$2b$10$1EbZYKGJ50RJqXaDIhXSHeeU.avGvRXajL/a0YFOl8.bYMBMtgLSC,student,active,"""2026-05-24T21:17:43.738Z""","""2026-05-24T21:17:43.738Z""",,3,First,A,false
112,Avi Koren,avi.koren@ac.sce.ac.il,$2b$10$1EbZYKGJ50RJqXaDIhXSHeeU.avGvRXajL/a0YFOl8.bYMBMtgLSC,student,active,"""2026-05-24T21:17:43.738Z""","""2026-05-24T21:17:43.738Z""",,3,Second,B,false
113,Meital Lahav,meital.lahav@ac.sce.ac.il,$2b$10$1EbZYKGJ50RJqXaDIhXSHeeU.avGvRXajL/a0YFOl8.bYMBMtgLSC,student,active,"""2026-05-24T21:17:43.738Z""","""2026-05-24T21:17:43.738Z""",,3,Third,A,false
114,Sagi Manor,sagi.manor@ac.sce.ac.il,$2b$10$1EbZYKGJ50RJqXaDIhXSHeeU.avGvRXajL/a0YFOl8.bYMBMtgLSC,student,active,"""2026-05-24T21:17:43.738Z""","""2026-05-24T21:17:43.738Z""",,3,Fourth,B,false
115,Tehila Nahum,tehila.nahum@ac.sce.ac.il,$2b$10$1EbZYKGJ50RJqXaDIhXSHeeU.avGvRXajL/a0YFOl8.bYMBMtgLSC,student,active,"""2026-05-24T21:17:43.738Z""","""2026-05-24T21:17:43.738Z""",,3,First,A,false
116,Rotem Or,rotem.or@ac.sce.ac.il,$2b$10$1EbZYKGJ50RJqXaDIhXSHeeU.avGvRXajL/a0YFOl8.bYMBMtgLSC,student,active,"""2026-05-24T21:17:43.738Z""","""2026-05-24T21:17:43.738Z""",,3,Second,B,false
117,Yasmin Paz,yasmin.paz@ac.sce.ac.il,$2b$10$1EbZYKGJ50RJqXaDIhXSHeeU.avGvRXajL/a0YFOl8.bYMBMtgLSC,student,active,"""2026-05-24T21:17:43.738Z""","""2026-05-24T21:17:43.738Z""",,3,Third,A,false
118,Eli Rosen,eli.rosen@ac.sce.ac.il,$2b$10$1EbZYKGJ50RJqXaDIhXSHeeU.avGvRXajL/a0YFOl8.bYMBMtgLSC,student,active,"""2026-05-24T21:17:43.738Z""","""2026-05-24T21:17:43.738Z""",,3,Fourth,B,false
119,Amitai Sahar,amitai.sahar@ac.sce.ac.il,$2b$10$1EbZYKGJ50RJqXaDIhXSHeeU.avGvRXajL/a0YFOl8.bYMBMtgLSC,student,active,"""2026-05-24T21:17:43.738Z""","""2026-05-24T21:17:43.738Z""",,3,First,A,false
120,Michal Tobias,michal.tobias@ac.sce.ac.il,$2b$10$1EbZYKGJ50RJqXaDIhXSHeeU.avGvRXajL/a0YFOl8.bYMBMtgLSC,student,active,"""2026-05-24T21:17:43.738Z""","""2026-05-24T21:17:43.738Z""",,3,Second,B,false
121,Noya Uzan,noya.uzan@ac.sce.ac.il,$2b$10$1EbZYKGJ50RJqXaDIhXSHeeU.avGvRXajL/a0YFOl8.bYMBMtgLSC,student,active,"""2026-05-24T21:17:43.738Z""","""2026-05-24T21:17:43.738Z""",,3,Third,A,false
122,Adam Levi,adam.levi122@ac.sce.ac.il,$2b$10$1EbZYKGJ50RJqXaDIhXSHeeU.avGvRXajL/a0YFOl8.bYMBMtgLSC,student,active,"""2026-05-24T21:17:43.738Z""","""2026-05-24T21:17:43.738Z""",,4,First,A,false
123,Noa Cohen,noa.cohen123@ac.sce.ac.il,$2b$10$1EbZYKGJ50RJqXaDIhXSHeeU.avGvRXajL/a0YFOl8.bYMBMtgLSC,student,active,"""2026-05-24T21:17:43.738Z""","""2026-05-24T21:17:43.738Z""",,4,Second,B,false
124,Daniel Mizrahi,daniel.mizrahi124@ac.sce.ac.il,$2b$10$1EbZYKGJ50RJqXaDIhXSHeeU.avGvRXajL/a0YFOl8.bYMBMtgLSC,student,active,"""2026-05-24T21:17:43.738Z""","""2026-05-24T21:17:43.738Z""",,4,Third,A,false
125,Maya Avraham,maya.avraham125@ac.sce.ac.il,$2b$10$1EbZYKGJ50RJqXaDIhXSHeeU.avGvRXajL/a0YFOl8.bYMBMtgLSC,student,active,"""2026-05-24T21:17:43.738Z""","""2026-05-24T21:17:43.738Z""",,4,Fourth,B,false
126,Eitan Biton,eitan.biton126@ac.sce.ac.il,$2b$10$1EbZYKGJ50RJqXaDIhXSHeeU.avGvRXajL/a0YFOl8.bYMBMtgLSC,student,active,"""2026-05-24T21:17:43.738Z""","""2026-05-24T21:17:43.738Z""",,4,First,A,false
127,Shira Peretz,shira.peretz127@ac.sce.ac.il,$2b$10$1EbZYKGJ50RJqXaDIhXSHeeU.avGvRXajL/a0YFOl8.bYMBMtgLSC,student,active,"""2026-05-24T21:17:43.738Z""","""2026-05-24T21:17:43.738Z""",,4,Second,B,false
128,Amit Dahan,amit.dahan128@ac.sce.ac.il,$2b$10$1EbZYKGJ50RJqXaDIhXSHeeU.avGvRXajL/a0YFOl8.bYMBMtgLSC,student,active,"""2026-05-24T21:17:43.738Z""","""2026-05-24T21:17:43.738Z""",,4,Third,A,false
129,Tamar Azulay,tamar.azulay129@ac.sce.ac.il,$2b$10$1EbZYKGJ50RJqXaDIhXSHeeU.avGvRXajL/a0YFOl8.bYMBMtgLSC,student,active,"""2026-05-24T21:17:43.738Z""","""2026-05-24T21:17:43.738Z""",,4,Fourth,B,false
130,Ido Barak,ido.barak130@ac.sce.ac.il,$2b$10$1EbZYKGJ50RJqXaDIhXSHeeU.avGvRXajL/a0YFOl8.bYMBMtgLSC,student,active,"""2026-05-24T21:17:43.738Z""","""2026-05-24T21:17:43.738Z""",,4,First,A,false
131,Hila Shalev,hila.shalev131@ac.sce.ac.il,$2b$10$1EbZYKGJ50RJqXaDIhXSHeeU.avGvRXajL/a0YFOl8.bYMBMtgLSC,student,active,"""2026-05-24T21:17:43.738Z""","""2026-05-24T21:17:43.738Z""",,4,Second,B,false
132,Roy Katz,roy.katz132@ac.sce.ac.il,$2b$10$1EbZYKGJ50RJqXaDIhXSHeeU.avGvRXajL/a0YFOl8.bYMBMtgLSC,student,active,"""2026-05-24T21:17:43.738Z""","""2026-05-24T21:17:43.738Z""",,4,Third,A,false
133,Neta Mor,neta.mor133@ac.sce.ac.il,$2b$10$1EbZYKGJ50RJqXaDIhXSHeeU.avGvRXajL/a0YFOl8.bYMBMtgLSC,student,active,"""2026-05-24T21:17:43.738Z""","""2026-05-24T21:17:43.738Z""",,4,Fourth,B,false
134,Omer Naveh,omer.naveh134@ac.sce.ac.il,$2b$10$1EbZYKGJ50RJqXaDIhXSHeeU.avGvRXajL/a0YFOl8.bYMBMtgLSC,student,active,"""2026-05-24T21:17:43.738Z""","""2026-05-24T21:17:43.738Z""",,4,First,A,false
135,Yael Ben Ami,yael.benami135@ac.sce.ac.il,$2b$10$1EbZYKGJ50RJqXaDIhXSHeeU.avGvRXajL/a0YFOl8.bYMBMtgLSC,student,active,"""2026-05-24T21:17:43.738Z""","""2026-05-24T21:17:43.738Z""",,4,Second,B,false
136,Lior Shapira,lior.shapira136@ac.sce.ac.il,$2b$10$1EbZYKGJ50RJqXaDIhXSHeeU.avGvRXajL/a0YFOl8.bYMBMtgLSC,student,active,"""2026-05-24T21:17:43.738Z""","""2026-05-24T21:17:43.738Z""",,4,Third,A,false
137,Roni Tal,roni.tal137@ac.sce.ac.il,$2b$10$1EbZYKGJ50RJqXaDIhXSHeeU.avGvRXajL/a0YFOl8.bYMBMtgLSC,student,active,"""2026-05-24T21:17:43.738Z""","""2026-05-24T21:17:43.738Z""",,4,Fourth,B,false
138,Gal Friedman,gal.friedman138@ac.sce.ac.il,$2b$10$1EbZYKGJ50RJqXaDIhXSHeeU.avGvRXajL/a0YFOl8.bYMBMtgLSC,student,active,"""2026-05-24T21:17:43.738Z""","""2026-05-24T21:17:43.738Z""",,4,First,A,false
139,Dana Amar,dana.amar139@ac.sce.ac.il,$2b$10$1EbZYKGJ50RJqXaDIhXSHeeU.avGvRXajL/a0YFOl8.bYMBMtgLSC,student,active,"""2026-05-24T21:17:43.738Z""","""2026-05-24T21:17:43.738Z""",,4,Second,B,false
140,Yair Golan,yair.golan140@ac.sce.ac.il,$2b$10$1EbZYKGJ50RJqXaDIhXSHeeU.avGvRXajL/a0YFOl8.bYMBMtgLSC,student,active,"""2026-05-24T21:17:43.738Z""","""2026-05-24T21:17:43.738Z""",,4,Third,A,false
141,Alma Harari,alma.harari141@ac.sce.ac.il,$2b$10$1EbZYKGJ50RJqXaDIhXSHeeU.avGvRXajL/a0YFOl8.bYMBMtgLSC,student,active,"""2026-05-24T21:17:43.738Z""","""2026-05-24T21:17:43.738Z""",,4,Fourth,B,false
142,Itai Romano,itai.romano142@ac.sce.ac.il,$2b$10$1EbZYKGJ50RJqXaDIhXSHeeU.avGvRXajL/a0YFOl8.bYMBMtgLSC,student,active,"""2026-05-24T21:17:43.738Z""","""2026-05-24T21:17:43.738Z""",,5,Second,B,false
143,Keren Ben David,keren.bendavid143@ac.sce.ac.il,$2b$10$1EbZYKGJ50RJqXaDIhXSHeeU.avGvRXajL/a0YFOl8.bYMBMtgLSC,student,active,"""2026-05-24T21:17:43.738Z""","""2026-05-24T21:17:43.738Z""",,5,Third,A,false
144,Uri Shamir,uri.shamir144@ac.sce.ac.il,$2b$10$1EbZYKGJ50RJqXaDIhXSHeeU.avGvRXajL/a0YFOl8.bYMBMtgLSC,student,active,"""2026-05-24T21:17:43.738Z""","""2026-05-24T21:17:43.738Z""",,5,Fourth,B,false
145,Dafna Malka,dafna.malka145@ac.sce.ac.il,$2b$10$1EbZYKGJ50RJqXaDIhXSHeeU.avGvRXajL/a0YFOl8.bYMBMtgLSC,student,active,"""2026-05-24T21:17:43.738Z""","""2026-05-24T21:17:43.738Z""",,5,First,A,false
146,Eden Sela,eden.sela146@ac.sce.ac.il,$2b$10$1EbZYKGJ50RJqXaDIhXSHeeU.avGvRXajL/a0YFOl8.bYMBMtgLSC,student,active,"""2026-05-24T21:17:43.738Z""","""2026-05-24T21:17:43.738Z""",,5,Second,B,false
147,Nadav Zohar,nadav.zohar147@ac.sce.ac.il,$2b$10$1EbZYKGJ50RJqXaDIhXSHeeU.avGvRXajL/a0YFOl8.bYMBMtgLSC,student,active,"""2026-05-24T21:17:43.738Z""","""2026-05-24T21:17:43.738Z""",,5,Third,A,false
148,Hagar Green,hagar.green148@ac.sce.ac.il,$2b$10$1EbZYKGJ50RJqXaDIhXSHeeU.avGvRXajL/a0YFOl8.bYMBMtgLSC,student,active,"""2026-05-24T21:17:43.738Z""","""2026-05-24T21:17:43.738Z""",,5,Fourth,B,false
149,Oren Lavi,oren.lavi149@ac.sce.ac.il,$2b$10$1EbZYKGJ50RJqXaDIhXSHeeU.avGvRXajL/a0YFOl8.bYMBMtgLSC,student,active,"""2026-05-24T21:17:43.738Z""","""2026-05-24T21:17:43.738Z""",,5,First,A,false
150,Talia Klein,talia.klein150@ac.sce.ac.il,$2b$10$1EbZYKGJ50RJqXaDIhXSHeeU.avGvRXajL/a0YFOl8.bYMBMtgLSC,student,active,"""2026-05-24T21:17:43.738Z""","""2026-05-24T21:17:43.738Z""",,5,Second,B,false
151,Avner Shani,avner.shani151@ac.sce.ac.il,$2b$10$1EbZYKGJ50RJqXaDIhXSHeeU.avGvRXajL/a0YFOl8.bYMBMtgLSC,student,active,"""2026-05-24T21:17:43.738Z""","""2026-05-24T21:17:43.738Z""",,5,Third,A,false
152,Yarden Rahav,yarden.rahav152@ac.sce.ac.il,$2b$10$1EbZYKGJ50RJqXaDIhXSHeeU.avGvRXajL/a0YFOl8.bYMBMtgLSC,student,active,"""2026-05-24T21:17:43.738Z""","""2026-05-24T21:17:43.738Z""",,5,Fourth,B,false
153,Adi Ohana,adi.ohana153@ac.sce.ac.il,$2b$10$1EbZYKGJ50RJqXaDIhXSHeeU.avGvRXajL/a0YFOl8.bYMBMtgLSC,student,active,"""2026-05-24T21:17:43.738Z""","""2026-05-24T21:17:43.738Z""",,5,First,A,false
154,Guy Maman,guy.maman154@ac.sce.ac.il,$2b$10$1EbZYKGJ50RJqXaDIhXSHeeU.avGvRXajL/a0YFOl8.bYMBMtgLSC,student,active,"""2026-05-24T21:17:43.738Z""","""2026-05-24T21:17:43.738Z""",,5,Second,B,false
155,Shani Atias,shani.atias155@ac.sce.ac.il,$2b$10$1EbZYKGJ50RJqXaDIhXSHeeU.avGvRXajL/a0YFOl8.bYMBMtgLSC,student,active,"""2026-05-24T21:17:43.738Z""","""2026-05-24T21:17:43.738Z""",,5,Third,A,false
156,Matan Carmi,matan.carmi156@ac.sce.ac.il,$2b$10$1EbZYKGJ50RJqXaDIhXSHeeU.avGvRXajL/a0YFOl8.bYMBMtgLSC,student,active,"""2026-05-24T21:17:43.738Z""","""2026-05-24T21:17:43.738Z""",,5,Fourth,B,false
157,Linoy Kadosh,linoy.kadosh157@ac.sce.ac.il,$2b$10$1EbZYKGJ50RJqXaDIhXSHeeU.avGvRXajL/a0YFOl8.bYMBMtgLSC,student,active,"""2026-05-24T21:17:43.738Z""","""2026-05-24T21:17:43.738Z""",,5,First,A,false
158,Ariel Yosef,ariel.yosef158@ac.sce.ac.il,$2b$10$1EbZYKGJ50RJqXaDIhXSHeeU.avGvRXajL/a0YFOl8.bYMBMtgLSC,student,active,"""2026-05-24T21:17:43.738Z""","""2026-05-24T21:17:43.738Z""",,5,Second,B,false
159,Bar Sasson,bar.sasson159@ac.sce.ac.il,$2b$10$1EbZYKGJ50RJqXaDIhXSHeeU.avGvRXajL/a0YFOl8.bYMBMtgLSC,student,active,"""2026-05-24T21:17:43.738Z""","""2026-05-24T21:17:43.738Z""",,5,Third,A,false
160,Ofir Hadad,ofir.hadad160@ac.sce.ac.il,$2b$10$1EbZYKGJ50RJqXaDIhXSHeeU.avGvRXajL/a0YFOl8.bYMBMtgLSC,student,active,"""2026-05-24T21:17:43.738Z""","""2026-05-24T21:17:43.738Z""",,5,Fourth,B,false
161,Chen Tzur,chen.tzur161@ac.sce.ac.il,$2b$10$1EbZYKGJ50RJqXaDIhXSHeeU.avGvRXajL/a0YFOl8.bYMBMtgLSC,student,active,"""2026-05-24T21:17:43.738Z""","""2026-05-24T21:17:43.738Z""",,5,First,A,false
162,Niv Vaknin,niv.vaknin162@ac.sce.ac.il,$2b$10$1EbZYKGJ50RJqXaDIhXSHeeU.avGvRXajL/a0YFOl8.bYMBMtgLSC,student,active,"""2026-05-24T21:17:43.738Z""","""2026-05-24T21:17:43.738Z""",,6,Third,A,false
163,Tair Barel,tair.barel163@ac.sce.ac.il,$2b$10$1EbZYKGJ50RJqXaDIhXSHeeU.avGvRXajL/a0YFOl8.bYMBMtgLSC,student,active,"""2026-05-24T21:17:43.738Z""","""2026-05-24T21:17:43.738Z""",,6,Fourth,B,false
164,Sapir Dayan,sapir.dayan164@ac.sce.ac.il,$2b$10$1EbZYKGJ50RJqXaDIhXSHeeU.avGvRXajL/a0YFOl8.bYMBMtgLSC,student,active,"""2026-05-24T21:17:43.738Z""","""2026-05-24T21:17:43.738Z""",,6,First,A,false
165,Yoni Caspit,yoni.caspit165@ac.sce.ac.il,$2b$10$1EbZYKGJ50RJqXaDIhXSHeeU.avGvRXajL/a0YFOl8.bYMBMtgLSC,student,active,"""2026-05-24T21:17:43.738Z""","""2026-05-24T21:17:43.738Z""",,6,Second,B,false
166,Maayan Elbaz,maayan.elbaz166@ac.sce.ac.il,$2b$10$1EbZYKGJ50RJqXaDIhXSHeeU.avGvRXajL/a0YFOl8.bYMBMtgLSC,student,active,"""2026-05-24T21:17:43.738Z""","""2026-05-24T21:17:43.738Z""",,6,Third,A,false
167,Ravid Farhi,ravid.farhi167@ac.sce.ac.il,$2b$10$1EbZYKGJ50RJqXaDIhXSHeeU.avGvRXajL/a0YFOl8.bYMBMtgLSC,student,active,"""2026-05-24T21:17:43.738Z""","""2026-05-24T21:17:43.738Z""",,6,Fourth,B,false
168,Yuval Goldberg,yuval.goldberg168@ac.sce.ac.il,$2b$10$1EbZYKGJ50RJqXaDIhXSHeeU.avGvRXajL/a0YFOl8.bYMBMtgLSC,student,active,"""2026-05-24T21:17:43.738Z""","""2026-05-24T21:17:43.738Z""",,6,First,A,false
169,Noam Hakim,noam.hakim169@ac.sce.ac.il,$2b$10$1EbZYKGJ50RJqXaDIhXSHeeU.avGvRXajL/a0YFOl8.bYMBMtgLSC,student,active,"""2026-05-24T21:17:43.738Z""","""2026-05-24T21:17:43.738Z""",,6,Second,B,false
170,Roei Israeli,roei.israeli170@ac.sce.ac.il,$2b$10$1EbZYKGJ50RJqXaDIhXSHeeU.avGvRXajL/a0YFOl8.bYMBMtgLSC,student,active,"""2026-05-24T21:17:43.738Z""","""2026-05-24T21:17:43.738Z""",,6,Third,A,false
171,Moria Jerbi,moria.jerbi171@ac.sce.ac.il,$2b$10$1EbZYKGJ50RJqXaDIhXSHeeU.avGvRXajL/a0YFOl8.bYMBMtgLSC,student,active,"""2026-05-24T21:17:43.738Z""","""2026-05-24T21:17:43.738Z""",,6,Fourth,B,false
172,Avi Koren,avi.koren172@ac.sce.ac.il,$2b$10$1EbZYKGJ50RJqXaDIhXSHeeU.avGvRXajL/a0YFOl8.bYMBMtgLSC,student,active,"""2026-05-24T21:17:43.738Z""","""2026-05-24T21:17:43.738Z""",,6,First,A,false
173,Meital Lahav,meital.lahav173@ac.sce.ac.il,$2b$10$1EbZYKGJ50RJqXaDIhXSHeeU.avGvRXajL/a0YFOl8.bYMBMtgLSC,student,active,"""2026-05-24T21:17:43.738Z""","""2026-05-24T21:17:43.738Z""",,6,Second,B,false
174,Sagi Manor,sagi.manor174@ac.sce.ac.il,$2b$10$1EbZYKGJ50RJqXaDIhXSHeeU.avGvRXajL/a0YFOl8.bYMBMtgLSC,student,active,"""2026-05-24T21:17:43.738Z""","""2026-05-24T21:17:43.738Z""",,6,Third,A,false
175,Tehila Nahum,tehila.nahum175@ac.sce.ac.il,$2b$10$1EbZYKGJ50RJqXaDIhXSHeeU.avGvRXajL/a0YFOl8.bYMBMtgLSC,student,active,"""2026-05-24T21:17:43.738Z""","""2026-05-24T21:17:43.738Z""",,6,Fourth,B,false
176,Rotem Or,rotem.or176@ac.sce.ac.il,$2b$10$1EbZYKGJ50RJqXaDIhXSHeeU.avGvRXajL/a0YFOl8.bYMBMtgLSC,student,active,"""2026-05-24T21:17:43.738Z""","""2026-05-24T21:17:43.738Z""",,6,First,A,false
177,Yasmin Paz,yasmin.paz177@ac.sce.ac.il,$2b$10$1EbZYKGJ50RJqXaDIhXSHeeU.avGvRXajL/a0YFOl8.bYMBMtgLSC,student,active,"""2026-05-24T21:17:43.738Z""","""2026-05-24T21:17:43.738Z""",,6,Second,B,false
178,Eli Rosen,eli.rosen178@ac.sce.ac.il,$2b$10$1EbZYKGJ50RJqXaDIhXSHeeU.avGvRXajL/a0YFOl8.bYMBMtgLSC,student,active,"""2026-05-24T21:17:43.738Z""","""2026-05-24T21:17:43.738Z""",,6,Third,A,false
179,Amitai Sahar,amitai.sahar179@ac.sce.ac.il,$2b$10$1EbZYKGJ50RJqXaDIhXSHeeU.avGvRXajL/a0YFOl8.bYMBMtgLSC,student,active,"""2026-05-24T21:17:43.738Z""","""2026-05-24T21:17:43.738Z""",,6,Fourth,B,false
180,Michal Tobias,michal.tobias180@ac.sce.ac.il,$2b$10$1EbZYKGJ50RJqXaDIhXSHeeU.avGvRXajL/a0YFOl8.bYMBMtgLSC,student,active,"""2026-05-24T21:17:43.738Z""","""2026-05-24T21:17:43.738Z""",,6,First,A,false
181,Noya Uzan,noya.uzan181@ac.sce.ac.il,$2b$10$1EbZYKGJ50RJqXaDIhXSHeeU.avGvRXajL/a0YFOl8.bYMBMtgLSC,student,active,"""2026-05-24T21:17:43.738Z""","""2026-05-24T21:17:43.738Z""",,6,Second,B,false
182,Adam Levi,adam.levi182@ac.sce.ac.il,$2b$10$1EbZYKGJ50RJqXaDIhXSHeeU.avGvRXajL/a0YFOl8.bYMBMtgLSC,student,active,"""2026-05-24T21:17:43.738Z""","""2026-05-24T21:17:43.738Z""",,7,Fourth,B,false
183,Noa Cohen,noa.cohen183@ac.sce.ac.il,$2b$10$1EbZYKGJ50RJqXaDIhXSHeeU.avGvRXajL/a0YFOl8.bYMBMtgLSC,student,active,"""2026-05-24T21:17:43.738Z""","""2026-05-24T21:17:43.738Z""",,7,First,A,false
184,Daniel Mizrahi,daniel.mizrahi184@ac.sce.ac.il,$2b$10$1EbZYKGJ50RJqXaDIhXSHeeU.avGvRXajL/a0YFOl8.bYMBMtgLSC,student,active,"""2026-05-24T21:17:43.738Z""","""2026-05-24T21:17:43.738Z""",,7,Second,B,false
185,Maya Avraham,maya.avraham185@ac.sce.ac.il,$2b$10$1EbZYKGJ50RJqXaDIhXSHeeU.avGvRXajL/a0YFOl8.bYMBMtgLSC,student,active,"""2026-05-24T21:17:43.738Z""","""2026-05-24T21:17:43.738Z""",,7,Third,A,false
186,Eitan Biton,eitan.biton186@ac.sce.ac.il,$2b$10$1EbZYKGJ50RJqXaDIhXSHeeU.avGvRXajL/a0YFOl8.bYMBMtgLSC,student,active,"""2026-05-24T21:17:43.738Z""","""2026-05-24T21:17:43.738Z""",,7,Fourth,B,false
187,Shira Peretz,shira.peretz187@ac.sce.ac.il,$2b$10$1EbZYKGJ50RJqXaDIhXSHeeU.avGvRXajL/a0YFOl8.bYMBMtgLSC,student,active,"""2026-05-24T21:17:43.738Z""","""2026-05-24T21:17:43.738Z""",,7,First,A,false
188,Amit Dahan,amit.dahan188@ac.sce.ac.il,$2b$10$1EbZYKGJ50RJqXaDIhXSHeeU.avGvRXajL/a0YFOl8.bYMBMtgLSC,student,active,"""2026-05-24T21:17:43.738Z""","""2026-05-24T21:17:43.738Z""",,7,Second,B,false
189,Tamar Azulay,tamar.azulay189@ac.sce.ac.il,$2b$10$1EbZYKGJ50RJqXaDIhXSHeeU.avGvRXajL/a0YFOl8.bYMBMtgLSC,student,active,"""2026-05-24T21:17:43.738Z""","""2026-05-24T21:17:43.738Z""",,7,Third,A,false
190,Ido Barak,ido.barak190@ac.sce.ac.il,$2b$10$1EbZYKGJ50RJqXaDIhXSHeeU.avGvRXajL/a0YFOl8.bYMBMtgLSC,student,active,"""2026-05-24T21:17:43.738Z""","""2026-05-24T21:17:43.738Z""",,7,Fourth,B,false
191,Hila Shalev,hila.shalev191@ac.sce.ac.il,$2b$10$1EbZYKGJ50RJqXaDIhXSHeeU.avGvRXajL/a0YFOl8.bYMBMtgLSC,student,active,"""2026-05-24T21:17:43.738Z""","""2026-05-24T21:17:43.738Z""",,7,First,A,false
192,Roy Katz,roy.katz192@ac.sce.ac.il,$2b$10$1EbZYKGJ50RJqXaDIhXSHeeU.avGvRXajL/a0YFOl8.bYMBMtgLSC,student,active,"""2026-05-24T21:17:43.738Z""","""2026-05-24T21:17:43.738Z""",,7,Second,B,false
193,Neta Mor,neta.mor193@ac.sce.ac.il,$2b$10$1EbZYKGJ50RJqXaDIhXSHeeU.avGvRXajL/a0YFOl8.bYMBMtgLSC,student,active,"""2026-05-24T21:17:43.738Z""","""2026-05-24T21:17:43.738Z""",,7,Third,A,false
194,Omer Naveh,omer.naveh194@ac.sce.ac.il,$2b$10$1EbZYKGJ50RJqXaDIhXSHeeU.avGvRXajL/a0YFOl8.bYMBMtgLSC,student,active,"""2026-05-24T21:17:43.738Z""","""2026-05-24T21:17:43.738Z""",,7,Fourth,B,false
195,Yael Ben Ami,yael.benami195@ac.sce.ac.il,$2b$10$1EbZYKGJ50RJqXaDIhXSHeeU.avGvRXajL/a0YFOl8.bYMBMtgLSC,student,active,"""2026-05-24T21:17:43.738Z""","""2026-05-24T21:17:43.738Z""",,7,First,A,false
196,Lior Shapira,lior.shapira196@ac.sce.ac.il,$2b$10$1EbZYKGJ50RJqXaDIhXSHeeU.avGvRXajL/a0YFOl8.bYMBMtgLSC,student,active,"""2026-05-24T21:17:43.738Z""","""2026-05-24T21:17:43.738Z""",,7,Second,B,false
197,Roni Tal,roni.tal197@ac.sce.ac.il,$2b$10$1EbZYKGJ50RJqXaDIhXSHeeU.avGvRXajL/a0YFOl8.bYMBMtgLSC,student,active,"""2026-05-24T21:17:43.738Z""","""2026-05-24T21:17:43.738Z""",,7,Third,A,false
198,Gal Friedman,gal.friedman198@ac.sce.ac.il,$2b$10$1EbZYKGJ50RJqXaDIhXSHeeU.avGvRXajL/a0YFOl8.bYMBMtgLSC,student,active,"""2026-05-24T21:17:43.738Z""","""2026-05-24T21:17:43.738Z""",,7,Fourth,B,false
199,Dana Amar,dana.amar199@ac.sce.ac.il,$2b$10$1EbZYKGJ50RJqXaDIhXSHeeU.avGvRXajL/a0YFOl8.bYMBMtgLSC,student,active,"""2026-05-24T21:17:43.738Z""","""2026-05-24T21:17:43.738Z""",,7,First,A,false
200,Yair Golan,yair.golan200@ac.sce.ac.il,$2b$10$1EbZYKGJ50RJqXaDIhXSHeeU.avGvRXajL/a0YFOl8.bYMBMtgLSC,student,active,"""2026-05-24T21:17:43.738Z""","""2026-05-24T21:17:43.738Z""",,7,Second,B,false
201,Alma Harari,alma.harari201@ac.sce.ac.il,$2b$10$1EbZYKGJ50RJqXaDIhXSHeeU.avGvRXajL/a0YFOl8.bYMBMtgLSC,student,active,"""2026-05-24T21:17:43.738Z""","""2026-05-24T21:17:43.738Z""",,7,Third,A,false
202,Ivaltal Fanta,ivaltalfa@ep.com,$2b$10$a.Xt/.vhlm8JVgpC/R7pw.jDgSTMHY2WLchL3hcXguM0mcr0w1muy,admin,active,"""2026-05-26T07:33:21.111Z""","""2026-06-01T10:05:59.128Z""",,,,,false
203,Or Farkash,orfark@eps.com,$2b$10$OYSuQfT1uM86XdmnVqvAHeiRON8lUmw26d7hEK04vN/TP8vrhGv22,admin,active,"""2026-05-26T07:34:21.230Z""","""2026-05-26T07:34:21.230Z""",,,,,false
204,Matan Bhadav,matanba@eps.com,$2b$10$mDFSlmNAaaE6lQlg5lXECeRayZb1hAlNar20gaSx2fyDBhFq.Pi6q,admin,active,"""2026-05-26T07:35:40.754Z""","""2026-05-26T07:35:40.754Z""",,,,,false
205,Dani Lalosh,danilal@ac.sce.ac.il,$2b$10$Ue.By.oC.BlDcnHO6UP4f.prOWbnXmEYlXe57oMn1kzFqxpL2uPeS,student,active,"""2026-06-07T14:34:24.647Z""","""2026-06-07T14:34:45.355Z""",,6,Third,A,false
206,Yonatan Mizrahi,student206@eps.test,$2b$10$1EbZYKGJ50RJqXaDIhXSHeeU.avGvRXajL/a0YFOl8.bYMBMtgLSC,student,active,"""2026-05-24T21:17:43.738Z""","""2026-05-24T21:17:43.738Z""",,1,Third,B,false
207,Amit Katz,student207@eps.test,$2b$10$1EbZYKGJ50RJqXaDIhXSHeeU.avGvRXajL/a0YFOl8.bYMBMtgLSC,student,active,"""2026-05-24T21:17:43.738Z""","""2026-05-24T21:17:43.738Z""",,3,First,B,false
208,Carmel Ben-David,student208@eps.test,$2b$10$1EbZYKGJ50RJqXaDIhXSHeeU.avGvRXajL/a0YFOl8.bYMBMtgLSC,student,active,"""2026-05-24T21:17:43.738Z""","""2026-05-24T21:17:43.738Z""",,7,First,A,false
209,Eden Sharon,student209@eps.test,$2b$10$1EbZYKGJ50RJqXaDIhXSHeeU.avGvRXajL/a0YFOl8.bYMBMtgLSC,student,active,"""2026-05-24T21:17:43.738Z""","""2026-05-24T21:17:43.738Z""",,7,First,A,false
210,Noa Peretz,student210@eps.test,$2b$10$1EbZYKGJ50RJqXaDIhXSHeeU.avGvRXajL/a0YFOl8.bYMBMtgLSC,student,active,"""2026-05-24T21:17:43.738Z""","""2026-05-24T21:17:43.738Z""",,7,Third,A,false
211,Ela Friedman,student211@eps.test,$2b$10$1EbZYKGJ50RJqXaDIhXSHeeU.avGvRXajL/a0YFOl8.bYMBMtgLSC,student,active,"""2026-05-24T21:17:43.738Z""","""2026-05-24T21:17:43.738Z""",,3,Second,A,false
212,Itai Dahan,student212@eps.test,$2b$10$1EbZYKGJ50RJqXaDIhXSHeeU.avGvRXajL/a0YFOl8.bYMBMtgLSC,student,active,"""2026-05-24T21:17:43.738Z""","""2026-05-24T21:17:43.738Z""",,4,First,B,false
213,Amit Peretz,student213@eps.test,$2b$10$1EbZYKGJ50RJqXaDIhXSHeeU.avGvRXajL/a0YFOl8.bYMBMtgLSC,student,active,"""2026-05-24T21:17:43.738Z""","""2026-05-24T21:17:43.738Z""",,2,Third,A,false
214,Yael Biton,student214@eps.test,$2b$10$1EbZYKGJ50RJqXaDIhXSHeeU.avGvRXajL/a0YFOl8.bYMBMtgLSC,student,active,"""2026-05-24T21:17:43.738Z""","""2026-05-24T21:17:43.738Z""",,6,Third,B,false
215,Lior Vaknin,student215@eps.test,$2b$10$1EbZYKGJ50RJqXaDIhXSHeeU.avGvRXajL/a0YFOl8.bYMBMtgLSC,student,active,"""2026-05-24T21:17:43.738Z""","""2026-05-24T21:17:43.738Z""",,3,Third,B,false
216,Bar Biton,student216@eps.test,$2b$10$1EbZYKGJ50RJqXaDIhXSHeeU.avGvRXajL/a0YFOl8.bYMBMtgLSC,student,active,"""2026-05-24T21:17:43.738Z""","""2026-05-24T21:17:43.738Z""",,1,First,B,false
217,Noam Malka,student217@eps.test,$2b$10$1EbZYKGJ50RJqXaDIhXSHeeU.avGvRXajL/a0YFOl8.bYMBMtgLSC,student,active,"""2026-05-24T21:17:43.738Z""","""2026-05-24T21:17:43.738Z""",,5,First,A,false
218,Tal Biton,student218@eps.test,$2b$10$1EbZYKGJ50RJqXaDIhXSHeeU.avGvRXajL/a0YFOl8.bYMBMtgLSC,student,active,"""2026-05-24T21:17:43.738Z""","""2026-05-24T21:17:43.738Z""",,1,First,A,false
219,Bar Levi,student219@eps.test,$2b$10$1EbZYKGJ50RJqXaDIhXSHeeU.avGvRXajL/a0YFOl8.bYMBMtgLSC,student,active,"""2026-05-24T21:17:43.738Z""","""2026-05-24T21:17:43.738Z""",,6,Second,A,false
220,Itai Levi,student220@eps.test,$2b$10$1EbZYKGJ50RJqXaDIhXSHeeU.avGvRXajL/a0YFOl8.bYMBMtgLSC,student,active,"""2026-05-24T21:17:43.738Z""","""2026-05-24T21:17:43.738Z""",,2,Third,B,false
221,Ela Katz,student221@eps.test,$2b$10$1EbZYKGJ50RJqXaDIhXSHeeU.avGvRXajL/a0YFOl8.bYMBMtgLSC,student,active,"""2026-05-24T21:17:43.738Z""","""2026-05-24T21:17:43.738Z""",,5,First,B,false
222,Tomer Malka,student222@eps.test,$2b$10$1EbZYKGJ50RJqXaDIhXSHeeU.avGvRXajL/a0YFOl8.bYMBMtgLSC,student,active,"""2026-05-24T21:17:43.738Z""","""2026-05-24T21:17:43.738Z""",,1,Third,B,false
223,Ela Friedman,student223@eps.test,$2b$10$1EbZYKGJ50RJqXaDIhXSHeeU.avGvRXajL/a0YFOl8.bYMBMtgLSC,student,active,"""2026-05-24T21:17:43.738Z""","""2026-05-24T21:17:43.738Z""",,1,First,A,false
224,Daniel Dahan,student224@eps.test,$2b$10$1EbZYKGJ50RJqXaDIhXSHeeU.avGvRXajL/a0YFOl8.bYMBMtgLSC,student,active,"""2026-05-24T21:17:43.738Z""","""2026-05-24T21:17:43.738Z""",,3,First,A,false
225,Tal Katz,student225@eps.test,$2b$10$1EbZYKGJ50RJqXaDIhXSHeeU.avGvRXajL/a0YFOl8.bYMBMtgLSC,student,active,"""2026-05-24T21:17:43.738Z""","""2026-05-24T21:17:43.738Z""",,2,First,B,false
226,Ela Bar-On,student226@eps.test,$2b$10$1EbZYKGJ50RJqXaDIhXSHeeU.avGvRXajL/a0YFOl8.bYMBMtgLSC,student,active,"""2026-05-24T21:17:43.738Z""","""2026-05-24T21:17:43.738Z""",,2,Second,A,false
227,Ido Biton,student227@eps.test,$2b$10$1EbZYKGJ50RJqXaDIhXSHeeU.avGvRXajL/a0YFOl8.bYMBMtgLSC,student,active,"""2026-05-24T21:17:43.738Z""","""2026-05-24T21:17:43.738Z""",,7,First,B,false
228,Itai Katz,student228@eps.test,$2b$10$1EbZYKGJ50RJqXaDIhXSHeeU.avGvRXajL/a0YFOl8.bYMBMtgLSC,student,active,"""2026-05-24T21:17:43.738Z""","""2026-05-24T21:17:43.738Z""",,2,Second,B,false
229,Carmel Naveh,student229@eps.test,$2b$10$1EbZYKGJ50RJqXaDIhXSHeeU.avGvRXajL/a0YFOl8.bYMBMtgLSC,student,active,"""2026-05-24T21:17:43.738Z""","""2026-05-24T21:17:43.738Z""",,5,First,B,false
230,Daniel Avraham,student230@eps.test,$2b$10$1EbZYKGJ50RJqXaDIhXSHeeU.avGvRXajL/a0YFOl8.bYMBMtgLSC,student,active,"""2026-05-24T21:17:43.738Z""","""2026-05-24T21:17:43.738Z""",,1,First,B,false
231,Ido Avraham,student231@eps.test,$2b$10$1EbZYKGJ50RJqXaDIhXSHeeU.avGvRXajL/a0YFOl8.bYMBMtgLSC,student,active,"""2026-05-24T21:17:43.738Z""","""2026-05-24T21:17:43.738Z""",,6,First,A,false
232,Noa Azoulay,student232@eps.test,$2b$10$1EbZYKGJ50RJqXaDIhXSHeeU.avGvRXajL/a0YFOl8.bYMBMtgLSC,student,active,"""2026-05-24T21:17:43.738Z""","""2026-05-24T21:17:43.738Z""",,1,Third,B,false
233,Tal Friedman,student233@eps.test,$2b$10$1EbZYKGJ50RJqXaDIhXSHeeU.avGvRXajL/a0YFOl8.bYMBMtgLSC,student,active,"""2026-05-24T21:17:43.738Z""","""2026-05-24T21:17:43.738Z""",,4,Second,A,false
234,Itai Azoulay,student234@eps.test,$2b$10$1EbZYKGJ50RJqXaDIhXSHeeU.avGvRXajL/a0YFOl8.bYMBMtgLSC,student,active,"""2026-05-24T21:17:43.738Z""","""2026-05-24T21:17:43.738Z""",,2,First,A,false
235,Eden Friedman,student235@eps.test,$2b$10$1EbZYKGJ50RJqXaDIhXSHeeU.avGvRXajL/a0YFOl8.bYMBMtgLSC,student,active,"""2026-05-24T21:17:43.738Z""","""2026-05-24T21:17:43.738Z""",,2,Third,A,false
236,Tamar Friedman,student236@eps.test,$2b$10$1EbZYKGJ50RJqXaDIhXSHeeU.avGvRXajL/a0YFOl8.bYMBMtgLSC,student,active,"""2026-05-24T21:17:43.738Z""","""2026-05-24T21:17:43.738Z""",,1,Third,B,false
237,Hila Bar-On,student237@eps.test,$2b$10$1EbZYKGJ50RJqXaDIhXSHeeU.avGvRXajL/a0YFOl8.bYMBMtgLSC,student,active,"""2026-05-24T21:17:43.738Z""","""2026-05-24T21:17:43.738Z""",,1,Third,A,false
238,Daniel Shapira,student238@eps.test,$2b$10$1EbZYKGJ50RJqXaDIhXSHeeU.avGvRXajL/a0YFOl8.bYMBMtgLSC,student,active,"""2026-05-24T21:17:43.738Z""","""2026-05-24T21:17:43.738Z""",,4,First,B,false
239,Tomer Azoulay,student239@eps.test,$2b$10$1EbZYKGJ50RJqXaDIhXSHeeU.avGvRXajL/a0YFOl8.bYMBMtgLSC,student,active,"""2026-05-24T21:17:43.738Z""","""2026-05-24T21:17:43.738Z""",,5,Second,B,false
240,Lior Ben-David,student240@eps.test,$2b$10$1EbZYKGJ50RJqXaDIhXSHeeU.avGvRXajL/a0YFOl8.bYMBMtgLSC,student,active,"""2026-05-24T21:17:43.738Z""","""2026-05-24T21:17:43.738Z""",,2,Second,B,false
241,Adi Avraham,student241@eps.test,$2b$10$1EbZYKGJ50RJqXaDIhXSHeeU.avGvRXajL/a0YFOl8.bYMBMtgLSC,student,active,"""2026-05-24T21:17:43.738Z""","""2026-05-24T21:17:43.738Z""",,4,Third,A,false
242,Noam Gabay,student242@eps.test,$2b$10$1EbZYKGJ50RJqXaDIhXSHeeU.avGvRXajL/a0YFOl8.bYMBMtgLSC,student,active,"""2026-05-24T21:17:43.738Z""","""2026-05-24T21:17:43.738Z""",,6,First,A,false
243,Noa Biton,student243@eps.test,$2b$10$1EbZYKGJ50RJqXaDIhXSHeeU.avGvRXajL/a0YFOl8.bYMBMtgLSC,student,active,"""2026-05-24T21:17:43.738Z""","""2026-05-24T21:17:43.738Z""",,4,First,A,false
244,Roni Naveh,student244@eps.test,$2b$10$1EbZYKGJ50RJqXaDIhXSHeeU.avGvRXajL/a0YFOl8.bYMBMtgLSC,student,active,"""2026-05-24T21:17:43.738Z""","""2026-05-24T21:17:43.738Z""",,3,First,A,false
245,Tomer Shapira,student245@eps.test,$2b$10$1EbZYKGJ50RJqXaDIhXSHeeU.avGvRXajL/a0YFOl8.bYMBMtgLSC,student,active,"""2026-05-24T21:17:43.738Z""","""2026-05-24T21:17:43.738Z""",,1,Third,B,false
246,Noa Naveh,student246@eps.test,$2b$10$1EbZYKGJ50RJqXaDIhXSHeeU.avGvRXajL/a0YFOl8.bYMBMtgLSC,student,active,"""2026-05-24T21:17:43.738Z""","""2026-05-24T21:17:43.738Z""",,5,Second,B,false
247,Shir Sharon,student247@eps.test,$2b$10$1EbZYKGJ50RJqXaDIhXSHeeU.avGvRXajL/a0YFOl8.bYMBMtgLSC,student,active,"""2026-05-24T21:17:43.738Z""","""2026-05-24T21:17:43.738Z""",,6,Second,A,false
248,Hila Avraham,student248@eps.test,$2b$10$1EbZYKGJ50RJqXaDIhXSHeeU.avGvRXajL/a0YFOl8.bYMBMtgLSC,student,active,"""2026-05-24T21:17:43.738Z""","""2026-05-24T21:17:43.738Z""",,5,Second,B,false
249,Amit Friedman,student249@eps.test,$2b$10$1EbZYKGJ50RJqXaDIhXSHeeU.avGvRXajL/a0YFOl8.bYMBMtgLSC,student,active,"""2026-05-24T21:17:43.738Z""","""2026-05-24T21:17:43.738Z""",,6,Third,B,false
250,Ido Levi,student250@eps.test,$2b$10$1EbZYKGJ50RJqXaDIhXSHeeU.avGvRXajL/a0YFOl8.bYMBMtgLSC,student,active,"""2026-05-24T21:17:43.738Z""","""2026-05-24T21:17:43.738Z""",,4,First,A,false
251,Noam Sharon,student251@eps.test,$2b$10$1EbZYKGJ50RJqXaDIhXSHeeU.avGvRXajL/a0YFOl8.bYMBMtgLSC,student,active,"""2026-05-24T21:17:43.738Z""","""2026-05-24T21:17:43.738Z""",,6,Third,B,false
252,Roni Aviv,student252@eps.test,$2b$10$1EbZYKGJ50RJqXaDIhXSHeeU.avGvRXajL/a0YFOl8.bYMBMtgLSC,student,active,"""2026-05-24T21:17:43.738Z""","""2026-05-24T21:17:43.738Z""",,2,Second,B,false
253,Lior Vaknin,student253@eps.test,$2b$10$1EbZYKGJ50RJqXaDIhXSHeeU.avGvRXajL/a0YFOl8.bYMBMtgLSC,student,active,"""2026-05-24T21:17:43.738Z""","""2026-05-24T21:17:43.738Z""",,5,Third,B,false
254,Hila Aviv,student254@eps.test,$2b$10$1EbZYKGJ50RJqXaDIhXSHeeU.avGvRXajL/a0YFOl8.bYMBMtgLSC,student,active,"""2026-05-24T21:17:43.738Z""","""2026-05-24T21:17:43.738Z""",,2,First,A,false
255,Shani Peretz,student255@eps.test,$2b$10$1EbZYKGJ50RJqXaDIhXSHeeU.avGvRXajL/a0YFOl8.bYMBMtgLSC,student,active,"""2026-05-24T21:17:43.738Z""","""2026-05-24T21:17:43.738Z""",,4,First,B,false
256,Shani Tzur,student256@eps.test,$2b$10$1EbZYKGJ50RJqXaDIhXSHeeU.avGvRXajL/a0YFOl8.bYMBMtgLSC,student,active,"""2026-05-24T21:17:43.738Z""","""2026-05-24T21:17:43.738Z""",,2,Third,A,false
257,Yonatan Shapira,student257@eps.test,$2b$10$1EbZYKGJ50RJqXaDIhXSHeeU.avGvRXajL/a0YFOl8.bYMBMtgLSC,student,active,"""2026-05-24T21:17:43.738Z""","""2026-05-24T21:17:43.738Z""",,6,Third,B,false
258,Lior Biton,student258@eps.test,$2b$10$1EbZYKGJ50RJqXaDIhXSHeeU.avGvRXajL/a0YFOl8.bYMBMtgLSC,student,active,"""2026-05-24T21:17:43.738Z""","""2026-05-24T21:17:43.738Z""",,7,Third,A,false
259,Gal Mizrahi,student259@eps.test,$2b$10$1EbZYKGJ50RJqXaDIhXSHeeU.avGvRXajL/a0YFOl8.bYMBMtgLSC,student,active,"""2026-05-24T21:17:43.738Z""","""2026-05-24T21:17:43.738Z""",,4,First,B,false
260,Roni Shapira,student260@eps.test,$2b$10$1EbZYKGJ50RJqXaDIhXSHeeU.avGvRXajL/a0YFOl8.bYMBMtgLSC,student,active,"""2026-05-24T21:17:43.738Z""","""2026-05-24T21:17:43.738Z""",,2,First,A,false
261,Ron Katz,student261@eps.test,$2b$10$1EbZYKGJ50RJqXaDIhXSHeeU.avGvRXajL/a0YFOl8.bYMBMtgLSC,student,active,"""2026-05-24T21:17:43.738Z""","""2026-05-24T21:17:43.738Z""",,3,Third,B,false
262,Hila Azoulay,student262@eps.test,$2b$10$1EbZYKGJ50RJqXaDIhXSHeeU.avGvRXajL/a0YFOl8.bYMBMtgLSC,student,active,"""2026-05-24T21:17:43.738Z""","""2026-05-24T21:17:43.738Z""",,5,Third,B,false
263,Itai Friedman,student263@eps.test,$2b$10$1EbZYKGJ50RJqXaDIhXSHeeU.avGvRXajL/a0YFOl8.bYMBMtgLSC,student,active,"""2026-05-24T21:17:43.738Z""","""2026-05-24T21:17:43.738Z""",,4,First,B,false
264,Omer Ben-David,student264@eps.test,$2b$10$1EbZYKGJ50RJqXaDIhXSHeeU.avGvRXajL/a0YFOl8.bYMBMtgLSC,student,active,"""2026-05-24T21:17:43.738Z""","""2026-05-24T21:17:43.738Z""",,1,Second,B,false
265,Amit Vaknin,student265@eps.test,$2b$10$1EbZYKGJ50RJqXaDIhXSHeeU.avGvRXajL/a0YFOl8.bYMBMtgLSC,student,active,"""2026-05-24T21:17:43.738Z""","""2026-05-24T21:17:43.738Z""",,5,Third,B,false
266,Lior Azoulay,student266@eps.test,$2b$10$1EbZYKGJ50RJqXaDIhXSHeeU.avGvRXajL/a0YFOl8.bYMBMtgLSC,student,active,"""2026-05-24T21:17:43.738Z""","""2026-05-24T21:17:43.738Z""",,3,Second,B,false
267,Shani Mizrahi,student267@eps.test,$2b$10$1EbZYKGJ50RJqXaDIhXSHeeU.avGvRXajL/a0YFOl8.bYMBMtgLSC,student,active,"""2026-05-24T21:17:43.738Z""","""2026-05-24T21:17:43.738Z""",,6,First,B,false
268,Eden Levi,student268@eps.test,$2b$10$1EbZYKGJ50RJqXaDIhXSHeeU.avGvRXajL/a0YFOl8.bYMBMtgLSC,student,active,"""2026-05-24T21:17:43.738Z""","""2026-05-24T21:17:43.738Z""",,1,Third,B,false
269,Ela Sharon,student269@eps.test,$2b$10$1EbZYKGJ50RJqXaDIhXSHeeU.avGvRXajL/a0YFOl8.bYMBMtgLSC,student,active,"""2026-05-24T21:17:43.738Z""","""2026-05-24T21:17:43.738Z""",,2,Second,B,false
270,Mika Malka,student270@eps.test,$2b$10$1EbZYKGJ50RJqXaDIhXSHeeU.avGvRXajL/a0YFOl8.bYMBMtgLSC,student,active,"""2026-05-24T21:17:43.738Z""","""2026-05-24T21:17:43.738Z""",,2,Third,B,false
271,Hila Dahan,student271@eps.test,$2b$10$1EbZYKGJ50RJqXaDIhXSHeeU.avGvRXajL/a0YFOl8.bYMBMtgLSC,student,active,"""2026-05-24T21:17:43.738Z""","""2026-05-24T21:17:43.738Z""",,3,First,B,false
272,Itai Levi,student272@eps.test,$2b$10$1EbZYKGJ50RJqXaDIhXSHeeU.avGvRXajL/a0YFOl8.bYMBMtgLSC,student,active,"""2026-05-24T21:17:43.738Z""","""2026-05-24T21:17:43.738Z""",,5,First,B,false
273,Lior Bar-On,student273@eps.test,$2b$10$1EbZYKGJ50RJqXaDIhXSHeeU.avGvRXajL/a0YFOl8.bYMBMtgLSC,student,active,"""2026-05-24T21:17:43.738Z""","""2026-05-24T21:17:43.738Z""",,6,Third,B,false
274,Tomer Avraham,student274@eps.test,$2b$10$1EbZYKGJ50RJqXaDIhXSHeeU.avGvRXajL/a0YFOl8.bYMBMtgLSC,student,active,"""2026-05-24T21:17:43.738Z""","""2026-05-24T21:17:43.738Z""",,2,Third,B,false
275,Shir Peretz,student275@eps.test,$2b$10$1EbZYKGJ50RJqXaDIhXSHeeU.avGvRXajL/a0YFOl8.bYMBMtgLSC,student,active,"""2026-05-24T21:17:43.738Z""","""2026-05-24T21:17:43.738Z""",,2,Third,A,false
276,Lior Biton,student276@eps.test,$2b$10$1EbZYKGJ50RJqXaDIhXSHeeU.avGvRXajL/a0YFOl8.bYMBMtgLSC,student,active,"""2026-05-24T21:17:43.738Z""","""2026-05-24T21:17:43.738Z""",,2,Third,B,false
277,Eden Aviv,student277@eps.test,$2b$10$1EbZYKGJ50RJqXaDIhXSHeeU.avGvRXajL/a0YFOl8.bYMBMtgLSC,student,active,"""2026-05-24T21:17:43.738Z""","""2026-05-24T21:17:43.738Z""",,2,Second,A,false
278,Amit Cohen,student278@eps.test,$2b$10$1EbZYKGJ50RJqXaDIhXSHeeU.avGvRXajL/a0YFOl8.bYMBMtgLSC,student,active,"""2026-05-24T21:17:43.738Z""","""2026-05-24T21:17:43.738Z""",,6,Second,B,false
279,Yarden Dahan,student279@eps.test,$2b$10$1EbZYKGJ50RJqXaDIhXSHeeU.avGvRXajL/a0YFOl8.bYMBMtgLSC,student,active,"""2026-05-24T21:17:43.738Z""","""2026-05-24T21:17:43.738Z""",,7,First,A,false
280,Ido Azoulay,student280@eps.test,$2b$10$1EbZYKGJ50RJqXaDIhXSHeeU.avGvRXajL/a0YFOl8.bYMBMtgLSC,student,active,"""2026-05-24T21:17:43.738Z""","""2026-05-24T21:17:43.738Z""",,1,Third,A,false
281,Shir Cohen,student281@eps.test,$2b$10$1EbZYKGJ50RJqXaDIhXSHeeU.avGvRXajL/a0YFOl8.bYMBMtgLSC,student,active,"""2026-05-24T21:17:43.738Z""","""2026-05-24T21:17:43.738Z""",,7,Second,B,false
