id,course_id,program_id,lecturer_id,semester,academic_year,status,created_at,updated_at,study_year
1,1,1,36,A,2025-2026,active,"""2026-05-19T12:13:26.641Z""","""2026-05-19T12:13:26.641Z""",First
2,2,1,34,B,2025-2026,active,"""2026-05-19T12:13:26.641Z""","""2026-05-19T12:13:26.641Z""",First
3,3,1,35,A,2025-2026,active,"""2026-05-19T12:13:26.641Z""","""2026-05-19T12:13:26.641Z""",Second
4,4,1,2,B,2025-2026,active,"""2026-05-19T12:13:26.641Z""","""2026-05-19T12:13:26.641Z""",Second
5,5,1,36,B,2025-2026,active,"""2026-05-19T12:13:26.641Z""","""2026-05-19T12:13:26.641Z""",Third
6,6,1,2,A,2025-2026,active,"""2026-05-19T12:13:26.641Z""","""2026-05-19T12:13:26.641Z""",Third
7,7,1,35,A,2025-2026,active,"""2026-05-19T12:13:26.641Z""","""2026-05-19T12:13:26.641Z""",Third
8,8,1,34,B,2025-2026,active,"""2026-05-19T12:13:26.641Z""","""2026-05-19T12:13:26.641Z""",Third
9,1,7,7,A,2025-2026,active,"""2026-05-19T12:13:26.641Z""","""2026-05-19T12:13:26.641Z""",First
10,3,7,53,A,2025-2026,active,"""2026-05-19T12:13:26.641Z""","""2026-05-19T12:13:26.641Z""",Second
11,6,7,54,A,2025-2026,active,"""2026-05-19T12:13:26.641Z""","""2026-05-19T12:13:26.641Z""",Third
12,9,7,52,B,2025-2026,active,"""2026-05-19T12:13:26.641Z""","""2026-05-19T12:13:26.641Z""",Third
13,10,7,7,A,2025-2026,active,"""2026-05-19T12:13:26.641Z""","""2026-05-19T12:13:26.641Z""",Third
14,11,7,52,B,2025-2026,active,"""2026-05-19T12:13:26.641Z""","""2026-05-19T12:13:26.641Z""",Third
15,12,7,53,A,2025-2026,active,"""2026-05-19T12:13:26.641Z""","""2026-05-19T12:13:26.641Z""",Fourth
16,13,7,54,B,2025-2026,active,"""2026-05-19T12:13:26.641Z""","""2026-05-19T12:13:26.641Z""",Fourth
17,14,2,61,A,2025-2026,active,"""2026-05-19T12:13:26.641Z""","""2026-05-19T12:13:26.641Z""",First
18,15,2,61,A,2025-2026,active,"""2026-05-19T12:13:26.641Z""","""2026-05-19T12:13:26.641Z""",First
19,16,2,39,A,2025-2026,active,"""2026-05-19T12:13:26.641Z""","""2026-05-19T12:13:26.641Z""",First
20,17,2,37,B,2025-2026,active,"""2026-05-19T12:13:26.641Z""","""2026-05-19T12:13:26.641Z""",First
21,18,2,11,B,2025-2026,active,"""2026-05-19T12:13:26.641Z""","""2026-05-19T12:13:26.641Z""",Second
22,19,2,38,B,2025-2026,active,"""2026-05-19T12:13:26.641Z""","""2026-05-19T12:13:26.641Z""",Second
23,20,2,37,B,2025-2026,active,"""2026-05-19T12:13:26.641Z""","""2026-05-19T12:13:26.641Z""",Second
24,21,2,11,A,2025-2026,active,"""2026-05-19T12:13:26.641Z""","""2026-05-19T12:13:26.641Z""",Third
25,22,3,40,B,2025-2026,active,"""2026-05-19T12:13:26.641Z""","""2026-05-19T12:13:26.641Z""",First
26,23,3,42,B,2025-2026,active,"""2026-05-19T12:13:26.641Z""","""2026-05-19T12:13:26.641Z""",First
27,24,3,13,A,2025-2026,active,"""2026-05-19T12:13:26.641Z""","""2026-05-19T12:13:26.641Z""",Second
28,25,3,41,A,2025-2026,active,"""2026-05-19T12:13:26.641Z""","""2026-05-19T12:13:26.641Z""",Second
29,26,3,42,A,2025-2026,active,"""2026-05-19T12:13:26.641Z""","""2026-05-19T12:13:26.641Z""",Second
30,27,3,13,B,2025-2026,active,"""2026-05-19T12:13:26.641Z""","""2026-05-19T12:13:26.641Z""",Second
31,28,3,41,A,2025-2026,active,"""2026-05-19T12:13:26.641Z""","""2026-05-19T12:13:26.641Z""",Third
32,29,3,40,A,2025-2026,active,"""2026-05-19T12:13:26.641Z""","""2026-05-19T12:13:26.641Z""",Third
33,30,4,43,A,2025-2026,active,"""2026-05-19T12:13:26.641Z""","""2026-05-19T12:13:26.641Z""",First
34,31,4,44,A,2025-2026,active,"""2026-05-19T12:13:26.641Z""","""2026-05-19T12:13:26.641Z""",First
35,32,4,15,B,2025-2026,active,"""2026-05-19T12:13:26.641Z""","""2026-05-19T12:13:26.641Z""",Second
36,33,4,45,A,2025-2026,active,"""2026-05-19T12:13:26.641Z""","""2026-05-19T12:13:26.641Z""",Third
37,34,4,45,B,2025-2026,active,"""2026-05-19T12:13:26.641Z""","""2026-05-19T12:13:26.641Z""",Third
38,35,4,44,A,2025-2026,active,"""2026-05-19T12:13:26.641Z""","""2026-05-19T12:13:26.641Z""",Fourth
39,36,4,43,A,2025-2026,active,"""2026-05-19T12:13:26.641Z""","""2026-05-19T12:13:26.641Z""",Fourth
40,37,4,15,A,2025-2026,active,"""2026-05-19T12:13:26.641Z""","""2026-05-19T12:13:26.641Z""",Third
41,38,5,17,A,2025-2026,active,"""2026-05-19T12:13:26.641Z""","""2026-05-19T12:13:26.641Z""",First
42,39,5,61,A,2025-2026,active,"""2026-05-19T12:13:26.641Z""","""2026-05-19T12:13:26.641Z""",First
43,40,5,46,A,2025-2026,active,"""2026-05-19T12:13:26.641Z""","""2026-05-19T12:13:26.641Z""",Second
44,41,5,47,A,2025-2026,active,"""2026-05-19T12:13:26.641Z""","""2026-05-19T12:13:26.641Z""",Second
45,42,5,48,B,2025-2026,active,"""2026-05-19T12:13:26.641Z""","""2026-05-19T12:13:26.641Z""",Second
46,43,5,17,A,2025-2026,active,"""2026-05-19T12:13:26.641Z""","""2026-05-19T12:13:26.641Z""",Third
47,44,5,48,B,2025-2026,active,"""2026-05-19T12:13:26.641Z""","""2026-05-19T12:13:26.641Z""",Second
48,45,5,47,B,2025-2026,active,"""2026-05-19T12:13:26.641Z""","""2026-05-19T12:13:26.641Z""",Second
49,46,6,50,A,2025-2026,active,"""2026-05-19T12:13:26.641Z""","""2026-05-19T12:13:26.641Z""",First
50,47,6,19,A,2025-2026,active,"""2026-05-19T12:13:26.641Z""","""2026-05-19T12:13:26.641Z""",First
51,48,6,51,A,2025-2026,active,"""2026-05-19T12:13:26.641Z""","""2026-05-19T12:13:26.641Z""",First
52,49,6,49,B,2025-2026,active,"""2026-05-19T12:13:26.641Z""","""2026-05-19T12:13:26.641Z""",First
53,50,6,19,B,2025-2026,active,"""2026-05-19T12:13:26.641Z""","""2026-05-19T12:13:26.641Z""",First
54,51,6,51,B,2025-2026,active,"""2026-05-19T12:13:26.641Z""","""2026-05-19T12:13:26.641Z""",Second
55,52,6,50,B,2025-2026,active,"""2026-05-19T12:13:26.641Z""","""2026-05-19T12:13:26.641Z""",Second
56,53,6,49,A,2025-2026,active,"""2026-05-19T12:13:26.641Z""","""2026-05-19T12:13:26.641Z""",Third
57,14,1,57,A,2025-2026,active,"""2026-05-19T12:13:26.641Z""","""2026-05-19T12:13:26.641Z""",First
58,14,3,57,A,2025-2026,active,"""2026-05-19T12:13:26.641Z""","""2026-05-19T12:13:26.641Z""",First
59,14,4,57,A,2025-2026,active,"""2026-05-19T12:13:26.641Z""","""2026-05-19T12:13:26.641Z""",First
60,14,5,55,A,2025-2026,active,"""2026-05-19T12:13:26.641Z""","""2026-05-19T12:13:26.641Z""",First
61,14,6,58,A,2025-2026,active,"""2026-05-19T12:13:26.641Z""","""2026-05-19T12:13:26.641Z""",First
62,14,7,56,A,2025-2026,active,"""2026-05-19T12:13:26.641Z""","""2026-05-19T12:13:26.641Z""",First
63,54,1,61,B,2025-2026,active,"""2026-05-19T12:13:26.641Z""","""2026-05-19T12:13:26.641Z""",First
64,54,2,60,B,2025-2026,active,"""2026-05-19T12:13:26.641Z""","""2026-05-19T12:13:26.641Z""",First
65,54,3,59,B,2025-2026,active,"""2026-05-19T12:13:26.641Z""","""2026-05-19T12:13:26.641Z""",First
66,54,4,59,B,2025-2026,active,"""2026-05-19T12:13:26.641Z""","""2026-05-19T12:13:26.641Z""",First
67,54,5,61,B,2025-2026,active,"""2026-05-19T12:13:26.641Z""","""2026-05-19T12:13:26.641Z""",First
68,54,6,58,B,2025-2026,active,"""2026-05-19T12:13:26.641Z""","""2026-05-19T12:13:26.641Z""",First
69,54,7,57,B,2025-2026,active,"""2026-05-19T12:13:26.641Z""","""2026-05-19T12:13:26.641Z""",First
70,15,1,61,A,2025-2026,active,"""2026-05-19T12:13:26.641Z""","""2026-05-19T12:13:26.641Z""",First
71,15,3,58,A,2025-2026,active,"""2026-05-19T12:13:26.641Z""","""2026-05-19T12:13:26.641Z""",First
72,15,4,58,A,2025-2026,active,"""2026-05-19T12:13:26.641Z""","""2026-05-19T12:13:26.641Z""",First
73,15,5,56,A,2025-2026,active,"""2026-05-19T12:13:26.641Z""","""2026-05-19T12:13:26.641Z""",First
74,15,6,56,A,2025-2026,active,"""2026-05-19T12:13:26.641Z""","""2026-05-19T12:13:26.641Z""",First
75,15,7,57,A,2025-2026,active,"""2026-05-19T12:13:26.641Z""","""2026-05-19T12:13:26.641Z""",First
76,55,2,55,A,2025-2026,active,"""2026-05-19T12:13:26.641Z""","""2026-05-19T12:13:26.641Z""",Second
77,55,3,56,A,2025-2026,active,"""2026-05-19T12:13:26.641Z""","""2026-05-19T12:13:26.641Z""",Second
78,55,4,59,A,2025-2026,active,"""2026-05-19T12:13:26.641Z""","""2026-05-19T12:13:26.641Z""",Second
79,55,6,60,A,2025-2026,active,"""2026-05-19T12:13:26.641Z""","""2026-05-19T12:13:26.641Z""",Second
80,56,1,55,B,2025-2026,active,"""2026-05-19T12:13:26.641Z""","""2026-05-19T12:13:26.641Z""",First
81,56,2,60,B,2025-2026,active,"""2026-05-19T12:13:26.641Z""","""2026-05-19T12:13:26.641Z""",First
82,56,3,60,B,2025-2026,active,"""2026-05-19T12:13:26.641Z""","""2026-05-19T12:13:26.641Z""",First
83,56,4,60,B,2025-2026,active,"""2026-05-19T12:13:26.641Z""","""2026-05-19T12:13:26.641Z""",First
84,56,5,56,B,2025-2026,active,"""2026-05-19T12:13:26.641Z""","""2026-05-19T12:13:26.641Z""",First
85,56,6,58,B,2025-2026,active,"""2026-05-19T12:13:26.641Z""","""2026-05-19T12:13:26.641Z""",First
89,58,2,55,A,2025-2026,active,"""2026-05-19T12:13:26.641Z""","""2026-05-19T12:13:26.641Z""",Second
90,58,3,61,A,2025-2026,active,"""2026-05-19T12:13:26.641Z""","""2026-05-19T12:13:26.641Z""",Second
91,58,4,59,A,2025-2026,active,"""2026-05-19T12:13:26.641Z""","""2026-05-19T12:13:26.641Z""",Second
92,58,5,61,A,2025-2026,active,"""2026-05-19T12:13:26.641Z""","""2026-05-19T12:13:26.641Z""",Second
93,58,6,59,A,2025-2026,active,"""2026-05-19T12:13:26.641Z""","""2026-05-19T12:13:26.641Z""",Second
97,60,1,59,A,2025-2026,active,"""2026-05-19T12:13:26.641Z""","""2026-05-19T12:13:26.641Z""",First
98,60,2,57,A,2025-2026,active,"""2026-05-19T12:13:26.641Z""","""2026-05-19T12:13:26.641Z""",First
99,60,3,60,A,2025-2026,active,"""2026-05-19T12:13:26.641Z""","""2026-05-19T12:13:26.641Z""",First
100,60,5,59,A,2025-2026,active,"""2026-05-19T12:13:26.641Z""","""2026-05-19T12:13:26.641Z""",First
101,60,6,58,A,2025-2026,active,"""2026-05-19T12:13:26.641Z""","""2026-05-19T12:13:26.641Z""",First
102,60,7,57,A,2025-2026,active,"""2026-05-19T12:13:26.641Z""","""2026-05-19T12:13:26.641Z""",First
103,61,2,39,A,2025-2026,active,"""2026-05-19T12:13:26.641Z""","""2026-05-19T12:13:26.641Z""",First
104,61,3,41,A,2025-2026,active,"""2026-05-19T12:13:26.641Z""","""2026-05-19T12:13:26.641Z""",First
105,61,4,15,A,2025-2026,active,"""2026-05-19T12:13:26.641Z""","""2026-05-19T12:13:26.641Z""",First
106,62,2,38,A,2025-2026,active,"""2026-05-19T12:13:26.641Z""","""2026-05-19T12:13:26.641Z""",First
107,62,3,40,A,2025-2026,active,"""2026-05-19T12:13:26.641Z""","""2026-05-19T12:13:26.641Z""",First
108,62,4,45,A,2025-2026,active,"""2026-05-19T12:13:26.641Z""","""2026-05-19T12:13:26.641Z""",First
109,63,2,37,A,2025-2026,active,"""2026-05-19T12:13:26.641Z""","""2026-05-19T12:13:26.641Z""",First
110,63,3,42,A,2025-2026,active,"""2026-05-19T12:13:26.641Z""","""2026-05-19T12:13:26.641Z""",First
111,63,5,46,A,2025-2026,active,"""2026-05-19T12:13:26.641Z""","""2026-05-19T12:13:26.641Z""",First
112,64,1,60,A,2025-2026,active,"""2026-05-19T12:13:26.641Z""","""2026-05-19T12:13:26.641Z""",Third
113,64,2,56,A,2025-2026,active,"""2026-05-19T12:13:26.641Z""","""2026-05-19T12:13:26.641Z""",Third
114,65,1,56,A,2025-2026,active,"""2026-05-23T22:30:00.000Z""","""2026-05-23T22:30:00.000Z""",First
115,66,1,36,A,2025-2026,active,"""2026-05-23T22:30:00.000Z""","""2026-05-23T22:30:00.000Z""",First
116,67,1,55,B,2025-2026,active,"""2026-05-23T22:30:00.000Z""","""2026-05-23T22:30:00.000Z""",First
117,68,1,34,B,2025-2026,active,"""2026-05-23T22:30:00.000Z""","""2026-05-23T22:30:00.000Z""",First
118,60,1,59,A,2025-2026,active,"""2026-05-23T22:30:00.000Z""","""2026-05-23T22:30:00.000Z""",Second
119,69,1,2,A,2025-2026,active,"""2026-05-23T22:30:00.000Z""","""2026-05-23T22:30:00.000Z""",Second
120,70,1,35,A,2025-2026,active,"""2026-05-23T22:30:00.000Z""","""2026-05-23T22:30:00.000Z""",Second
121,71,1,35,A,2025-2026,active,"""2026-05-23T22:30:00.000Z""","""2026-05-23T22:30:00.000Z""",Second
122,6,1,36,B,2025-2026,active,"""2026-05-23T22:30:00.000Z""","""2026-05-23T22:30:00.000Z""",Second
123,72,1,34,B,2025-2026,active,"""2026-05-23T22:30:00.000Z""","""2026-05-23T22:30:00.000Z""",Second
124,64,1,61,B,2025-2026,active,"""2026-05-23T22:30:00.000Z""","""2026-05-23T22:30:00.000Z""",Second
125,73,1,2,B,2025-2026,active,"""2026-05-23T22:30:00.000Z""","""2026-05-23T22:30:00.000Z""",Second
126,74,1,35,A,2025-2026,active,"""2026-05-23T22:30:00.000Z""","""2026-05-23T22:30:00.000Z""",Third
127,75,1,36,A,2025-2026,active,"""2026-05-23T22:30:00.000Z""","""2026-05-23T22:30:00.000Z""",Third
128,76,1,2,A,2025-2026,active,"""2026-05-23T22:30:00.000Z""","""2026-05-23T22:30:00.000Z""",Third
129,8,1,34,A,2025-2026,active,"""2026-05-23T22:30:00.000Z""","""2026-05-23T22:30:00.000Z""",Third
130,77,1,2,B,2025-2026,active,"""2026-05-23T22:30:00.000Z""","""2026-05-23T22:30:00.000Z""",Third
131,78,1,34,B,2025-2026,active,"""2026-05-23T22:30:00.000Z""","""2026-05-23T22:30:00.000Z""",Third
132,11,1,35,B,2025-2026,active,"""2026-05-23T22:30:00.000Z""","""2026-05-23T22:30:00.000Z""",Third
133,13,1,36,A,2025-2026,active,"""2026-05-23T22:30:00.000Z""","""2026-05-23T22:30:00.000Z""",Fourth
134,79,1,35,A,2025-2026,active,"""2026-05-23T22:30:00.000Z""","""2026-05-23T22:30:00.000Z""",Fourth
135,80,1,2,A,2025-2026,active,"""2026-05-23T22:30:00.000Z""","""2026-05-23T22:30:00.000Z""",Fourth
136,81,1,36,A,2025-2026,active,"""2026-05-23T22:30:00.000Z""","""2026-05-23T22:30:00.000Z""",Fourth
137,82,1,34,A,2025-2026,active,"""2026-05-23T22:30:00.000Z""","""2026-05-23T22:30:00.000Z""",Fourth
138,83,7,58,A,2025-2026,active,"""2026-05-23T22:30:00.000Z""","""2026-05-23T22:30:00.000Z""",First
139,48,7,53,A,2025-2026,active,"""2026-05-23T22:30:00.000Z""","""2026-05-23T22:30:00.000Z""",First
140,84,7,57,B,2025-2026,active,"""2026-05-23T22:30:00.000Z""","""2026-05-23T22:30:00.000Z""",First
141,85,7,56,B,2025-2026,active,"""2026-05-23T22:30:00.000Z""","""2026-05-23T22:30:00.000Z""",First
142,2,7,52,B,2025-2026,active,"""2026-05-23T22:30:00.000Z""","""2026-05-23T22:30:00.000Z""",First
143,86,7,54,B,2025-2026,active,"""2026-05-23T22:30:00.000Z""","""2026-05-23T22:30:00.000Z""",First
144,87,7,7,A,2025-2026,active,"""2026-05-23T22:30:00.000Z""","""2026-05-23T22:30:00.000Z""",Second
145,72,7,53,A,2025-2026,active,"""2026-05-23T22:30:00.000Z""","""2026-05-23T22:30:00.000Z""",Second
146,60,7,57,A,2025-2026,active,"""2026-05-23T22:30:00.000Z""","""2026-05-23T22:30:00.000Z""",Second
147,81,7,52,A,2025-2026,active,"""2026-05-23T22:30:00.000Z""","""2026-05-23T22:30:00.000Z""",Second
148,88,7,7,B,2025-2026,active,"""2026-05-23T22:30:00.000Z""","""2026-05-23T22:30:00.000Z""",Second
149,70,7,54,B,2025-2026,active,"""2026-05-23T22:30:00.000Z""","""2026-05-23T22:30:00.000Z""",Second
150,6,7,7,B,2025-2026,active,"""2026-05-23T22:30:00.000Z""","""2026-05-23T22:30:00.000Z""",Second
151,9,7,54,B,2025-2026,active,"""2026-05-23T22:30:00.000Z""","""2026-05-23T22:30:00.000Z""",Second
152,71,7,53,B,2025-2026,active,"""2026-05-23T22:30:00.000Z""","""2026-05-23T22:30:00.000Z""",Second
153,77,7,52,A,2025-2026,active,"""2026-05-23T22:30:00.000Z""","""2026-05-23T22:30:00.000Z""",Third
154,12,7,7,B,2025-2026,active,"""2026-05-23T22:30:00.000Z""","""2026-05-23T22:30:00.000Z""",Third
155,89,7,53,B,2025-2026,active,"""2026-05-23T22:30:00.000Z""","""2026-05-23T22:30:00.000Z""",Third
156,13,7,54,B,2025-2026,active,"""2026-05-23T22:30:00.000Z""","""2026-05-23T22:30:00.000Z""",Third
157,90,7,52,A,2025-2026,active,"""2026-05-23T22:30:00.000Z""","""2026-05-23T22:30:00.000Z""",Fourth
158,91,7,54,A,2025-2026,active,"""2026-05-23T22:30:00.000Z""","""2026-05-23T22:30:00.000Z""",Fourth
159,92,7,53,A,2025-2026,active,"""2026-05-23T22:30:00.000Z""","""2026-05-23T22:30:00.000Z""",Fourth
160,79,7,7,B,2025-2026,active,"""2026-05-23T22:30:00.000Z""","""2026-05-23T22:30:00.000Z""",Fourth
161,22,2,39,A,2025-2026,active,"""2026-05-23T22:30:00.000Z""","""2026-05-23T22:30:00.000Z""",First
162,60,2,61,B,2025-2026,active,"""2026-05-23T22:30:00.000Z""","""2026-05-23T22:30:00.000Z""",First
163,93,2,38,B,2025-2026,active,"""2026-05-23T22:30:00.000Z""","""2026-05-23T22:30:00.000Z""",First
164,94,2,11,B,2025-2026,active,"""2026-05-23T22:30:00.000Z""","""2026-05-23T22:30:00.000Z""",First
165,95,2,11,B,2025-2026,active,"""2026-05-23T22:30:00.000Z""","""2026-05-23T22:30:00.000Z""",First
166,96,2,37,A,2025-2026,active,"""2026-05-23T22:30:00.000Z""","""2026-05-23T22:30:00.000Z""",Second
167,97,2,39,A,2025-2026,active,"""2026-05-23T22:30:00.000Z""","""2026-05-23T22:30:00.000Z""",Second
168,98,2,38,A,2025-2026,active,"""2026-05-23T22:30:00.000Z""","""2026-05-23T22:30:00.000Z""",Second
169,99,2,37,A,2025-2026,active,"""2026-05-23T22:30:00.000Z""","""2026-05-23T22:30:00.000Z""",Second
170,100,2,39,A,2025-2026,active,"""2026-05-23T22:30:00.000Z""","""2026-05-23T22:30:00.000Z""",Second
171,101,2,11,B,2025-2026,active,"""2026-05-23T22:30:00.000Z""","""2026-05-23T22:30:00.000Z""",Second
172,102,2,38,B,2025-2026,active,"""2026-05-23T22:30:00.000Z""","""2026-05-23T22:30:00.000Z""",Second
173,103,2,39,B,2025-2026,active,"""2026-05-23T22:30:00.000Z""","""2026-05-23T22:30:00.000Z""",Second
174,104,2,37,B,2025-2026,active,"""2026-05-23T22:30:00.000Z""","""2026-05-23T22:30:00.000Z""",Second
175,105,2,38,A,2025-2026,active,"""2026-05-23T22:30:00.000Z""","""2026-05-23T22:30:00.000Z""",Third
176,106,2,11,A,2025-2026,active,"""2026-05-23T22:30:00.000Z""","""2026-05-23T22:30:00.000Z""",Third
177,107,2,11,A,2025-2026,active,"""2026-05-23T22:30:00.000Z""","""2026-05-23T22:30:00.000Z""",Third
178,108,2,38,A,2025-2026,active,"""2026-05-23T22:30:00.000Z""","""2026-05-23T22:30:00.000Z""",Third
179,109,2,39,A,2025-2026,active,"""2026-05-23T22:30:00.000Z""","""2026-05-23T22:30:00.000Z""",Third
180,110,2,37,B,2025-2026,active,"""2026-05-23T22:30:00.000Z""","""2026-05-23T22:30:00.000Z""",Third
181,111,2,38,B,2025-2026,active,"""2026-05-23T22:30:00.000Z""","""2026-05-23T22:30:00.000Z""",Third
182,112,2,37,B,2025-2026,active,"""2026-05-23T22:30:00.000Z""","""2026-05-23T22:30:00.000Z""",Third
183,113,2,39,B,2025-2026,active,"""2026-05-23T22:30:00.000Z""","""2026-05-23T22:30:00.000Z""",Third
184,114,2,11,A,2025-2026,active,"""2026-05-23T22:30:00.000Z""","""2026-05-23T22:30:00.000Z""",Fourth
185,115,2,37,A,2025-2026,active,"""2026-05-23T22:30:00.000Z""","""2026-05-23T22:30:00.000Z""",Fourth
186,116,2,11,A,2025-2026,active,"""2026-05-23T22:30:00.000Z""","""2026-05-23T22:30:00.000Z""",Fourth
187,117,2,38,A,2025-2026,active,"""2026-05-23T22:30:00.000Z""","""2026-05-23T22:30:00.000Z""",Fourth
188,118,2,39,A,2025-2026,active,"""2026-05-23T22:30:00.000Z""","""2026-05-23T22:30:00.000Z""",Fourth
189,119,2,38,A,2025-2026,active,"""2026-05-23T22:30:00.000Z""","""2026-05-23T22:30:00.000Z""",Fourth
190,120,2,11,B,2025-2026,active,"""2026-05-23T22:30:00.000Z""","""2026-05-23T22:30:00.000Z""",Fourth
191,121,2,39,B,2025-2026,active,"""2026-05-23T22:30:00.000Z""","""2026-05-23T22:30:00.000Z""",Fourth
192,122,2,37,B,2025-2026,active,"""2026-05-23T22:30:00.000Z""","""2026-05-23T22:30:00.000Z""",Fourth
193,123,2,11,B,2025-2026,active,"""2026-05-23T22:30:00.000Z""","""2026-05-23T22:30:00.000Z""",Fourth
194,96,3,13,A,2025-2026,active,"""2026-05-23T22:30:00.000Z""","""2026-05-23T22:30:00.000Z""",First
195,124,3,41,A,2025-2026,active,"""2026-05-23T22:30:00.000Z""","""2026-05-23T22:30:00.000Z""",First
196,125,3,59,A,2025-2026,active,"""2026-05-23T22:30:00.000Z""","""2026-05-23T22:30:00.000Z""",First
197,126,3,40,A,2025-2026,active,"""2026-05-23T22:30:00.000Z""","""2026-05-23T22:30:00.000Z""",First
198,127,3,42,B,2025-2026,active,"""2026-05-23T22:30:00.000Z""","""2026-05-23T22:30:00.000Z""",First
199,128,3,13,B,2025-2026,active,"""2026-05-23T22:30:00.000Z""","""2026-05-23T22:30:00.000Z""",First
200,129,3,56,B,2025-2026,active,"""2026-05-23T22:30:00.000Z""","""2026-05-23T22:30:00.000Z""",First
201,130,3,56,A,2025-2026,active,"""2026-05-23T22:30:00.000Z""","""2026-05-23T22:30:00.000Z""",Second
202,60,3,60,A,2025-2026,active,"""2026-05-23T22:30:00.000Z""","""2026-05-23T22:30:00.000Z""",Second
203,131,3,40,A,2025-2026,active,"""2026-05-23T22:30:00.000Z""","""2026-05-23T22:30:00.000Z""",Second
204,132,3,41,A,2025-2026,active,"""2026-05-23T22:30:00.000Z""","""2026-05-23T22:30:00.000Z""",Second
205,133,3,58,B,2025-2026,active,"""2026-05-23T22:30:00.000Z""","""2026-05-23T22:30:00.000Z""",Second
206,134,3,13,B,2025-2026,active,"""2026-05-23T22:30:00.000Z""","""2026-05-23T22:30:00.000Z""",Second
207,135,3,42,B,2025-2026,active,"""2026-05-23T22:30:00.000Z""","""2026-05-23T22:30:00.000Z""",Second
208,136,3,42,B,2025-2026,active,"""2026-05-23T22:30:00.000Z""","""2026-05-23T22:30:00.000Z""",Second
209,137,3,40,B,2025-2026,active,"""2026-05-23T22:30:00.000Z""","""2026-05-23T22:30:00.000Z""",Second
210,138,3,41,B,2025-2026,active,"""2026-05-23T22:30:00.000Z""","""2026-05-23T22:30:00.000Z""",Second
211,98,3,13,A,2025-2026,active,"""2026-05-23T22:30:00.000Z""","""2026-05-23T22:30:00.000Z""",Third
212,139,3,41,A,2025-2026,active,"""2026-05-23T22:30:00.000Z""","""2026-05-23T22:30:00.000Z""",Third
213,140,3,40,A,2025-2026,active,"""2026-05-23T22:30:00.000Z""","""2026-05-23T22:30:00.000Z""",Third
214,141,3,42,A,2025-2026,active,"""2026-05-23T22:30:00.000Z""","""2026-05-23T22:30:00.000Z""",Third
215,142,3,13,B,2025-2026,active,"""2026-05-23T22:30:00.000Z""","""2026-05-23T22:30:00.000Z""",Third
216,143,3,42,B,2025-2026,active,"""2026-05-23T22:30:00.000Z""","""2026-05-23T22:30:00.000Z""",Third
217,144,3,41,B,2025-2026,active,"""2026-05-23T22:30:00.000Z""","""2026-05-23T22:30:00.000Z""",Third
218,145,3,40,B,2025-2026,active,"""2026-05-23T22:30:00.000Z""","""2026-05-23T22:30:00.000Z""",Third
219,146,3,13,B,2025-2026,active,"""2026-05-23T22:30:00.000Z""","""2026-05-23T22:30:00.000Z""",Third
220,147,3,13,B,2025-2026,active,"""2026-05-23T22:30:00.000Z""","""2026-05-23T22:30:00.000Z""",Third
221,64,3,56,A,2025-2026,active,"""2026-05-23T22:30:00.000Z""","""2026-05-23T22:30:00.000Z""",Fourth
222,148,3,42,A,2025-2026,active,"""2026-05-23T22:30:00.000Z""","""2026-05-23T22:30:00.000Z""",Fourth
223,149,3,41,A,2025-2026,active,"""2026-05-23T22:30:00.000Z""","""2026-05-23T22:30:00.000Z""",Fourth
224,150,3,40,A,2025-2026,active,"""2026-05-23T22:30:00.000Z""","""2026-05-23T22:30:00.000Z""",Fourth
225,151,3,42,A,2025-2026,active,"""2026-05-23T22:30:00.000Z""","""2026-05-23T22:30:00.000Z""",Fourth
226,152,3,40,A,2025-2026,active,"""2026-05-23T22:30:00.000Z""","""2026-05-23T22:30:00.000Z""",Fourth
227,153,3,13,A,2025-2026,active,"""2026-05-23T22:30:00.000Z""","""2026-05-23T22:30:00.000Z""",Fourth
228,154,4,43,A,2025-2026,active,"""2026-05-23T22:30:00.000Z""","""2026-05-23T22:30:00.000Z""",First
229,155,4,44,B,2025-2026,active,"""2026-05-23T22:30:00.000Z""","""2026-05-23T22:30:00.000Z""",First
230,156,4,45,B,2025-2026,active,"""2026-05-23T22:30:00.000Z""","""2026-05-23T22:30:00.000Z""",First
231,157,4,43,B,2025-2026,active,"""2026-05-23T22:30:00.000Z""","""2026-05-23T22:30:00.000Z""",First
232,158,4,44,B,2025-2026,active,"""2026-05-23T22:30:00.000Z""","""2026-05-23T22:30:00.000Z""",First
233,159,4,15,A,2025-2026,active,"""2026-05-23T22:30:00.000Z""","""2026-05-23T22:30:00.000Z""",Second
234,160,4,45,A,2025-2026,active,"""2026-05-23T22:30:00.000Z""","""2026-05-23T22:30:00.000Z""",Second
235,161,4,15,A,2025-2026,active,"""2026-05-23T22:30:00.000Z""","""2026-05-23T22:30:00.000Z""",Second
236,162,4,44,A,2025-2026,active,"""2026-05-23T22:30:00.000Z""","""2026-05-23T22:30:00.000Z""",Second
237,163,4,43,A,2025-2026,active,"""2026-05-23T22:30:00.000Z""","""2026-05-23T22:30:00.000Z""",Second
238,164,4,43,B,2025-2026,active,"""2026-05-23T22:30:00.000Z""","""2026-05-23T22:30:00.000Z""",Second
239,62,4,45,B,2025-2026,active,"""2026-05-23T22:30:00.000Z""","""2026-05-23T22:30:00.000Z""",Second
240,165,4,44,B,2025-2026,active,"""2026-05-23T22:30:00.000Z""","""2026-05-23T22:30:00.000Z""",Second
241,81,4,15,B,2025-2026,active,"""2026-05-23T22:30:00.000Z""","""2026-05-23T22:30:00.000Z""",Second
242,166,4,43,A,2025-2026,active,"""2026-05-23T22:30:00.000Z""","""2026-05-23T22:30:00.000Z""",Third
243,167,4,44,A,2025-2026,active,"""2026-05-23T22:30:00.000Z""","""2026-05-23T22:30:00.000Z""",Third
244,168,4,15,A,2025-2026,active,"""2026-05-23T22:30:00.000Z""","""2026-05-23T22:30:00.000Z""",Third
245,60,4,58,A,2025-2026,active,"""2026-05-23T22:30:00.000Z""","""2026-05-23T22:30:00.000Z""",Third
246,169,4,45,B,2025-2026,active,"""2026-05-23T22:30:00.000Z""","""2026-05-23T22:30:00.000Z""",Third
247,141,4,45,B,2025-2026,active,"""2026-05-23T22:30:00.000Z""","""2026-05-23T22:30:00.000Z""",Third
248,170,4,44,B,2025-2026,active,"""2026-05-23T22:30:00.000Z""","""2026-05-23T22:30:00.000Z""",Third
249,171,4,43,B,2025-2026,active,"""2026-05-23T22:30:00.000Z""","""2026-05-23T22:30:00.000Z""",Third
250,172,4,15,A,2025-2026,active,"""2026-05-23T22:30:00.000Z""","""2026-05-23T22:30:00.000Z""",Fourth
251,117,4,15,A,2025-2026,active,"""2026-05-23T22:30:00.000Z""","""2026-05-23T22:30:00.000Z""",Fourth
252,173,4,43,B,2025-2026,active,"""2026-05-23T22:30:00.000Z""","""2026-05-23T22:30:00.000Z""",Fourth
253,174,4,44,B,2025-2026,active,"""2026-05-23T22:30:00.000Z""","""2026-05-23T22:30:00.000Z""",Fourth
254,121,4,45,B,2025-2026,active,"""2026-05-23T22:30:00.000Z""","""2026-05-23T22:30:00.000Z""",Fourth
255,175,4,45,A,2025-2026,active,"""2026-05-23T22:30:00.000Z""","""2026-05-23T22:30:00.000Z""",Third
256,176,4,15,A,2025-2026,active,"""2026-05-23T22:30:00.000Z""","""2026-05-23T22:30:00.000Z""",Third
257,177,4,43,B,2025-2026,active,"""2026-05-23T22:30:00.000Z""","""2026-05-23T22:30:00.000Z""",Third
258,125,5,57,A,2025-2026,active,"""2026-05-23T22:30:00.000Z""","""2026-05-23T22:30:00.000Z""",First
259,178,5,46,A,2025-2026,active,"""2026-05-23T22:30:00.000Z""","""2026-05-23T22:30:00.000Z""",First
260,129,5,59,B,2025-2026,active,"""2026-05-23T22:30:00.000Z""","""2026-05-23T22:30:00.000Z""",First
261,179,5,48,B,2025-2026,active,"""2026-05-23T22:30:00.000Z""","""2026-05-23T22:30:00.000Z""",First
262,180,5,47,B,2025-2026,active,"""2026-05-23T22:30:00.000Z""","""2026-05-23T22:30:00.000Z""",First
263,181,5,17,B,2025-2026,active,"""2026-05-23T22:30:00.000Z""","""2026-05-23T22:30:00.000Z""",First
264,182,5,48,A,2025-2026,active,"""2026-05-23T22:30:00.000Z""","""2026-05-23T22:30:00.000Z""",Second
265,183,5,47,A,2025-2026,active,"""2026-05-23T22:30:00.000Z""","""2026-05-23T22:30:00.000Z""",Second
266,184,5,17,A,2025-2026,active,"""2026-05-23T22:30:00.000Z""","""2026-05-23T22:30:00.000Z""",Second
267,185,5,46,B,2025-2026,active,"""2026-05-23T22:30:00.000Z""","""2026-05-23T22:30:00.000Z""",Second
268,186,5,17,B,2025-2026,active,"""2026-05-23T22:30:00.000Z""","""2026-05-23T22:30:00.000Z""",Second
269,187,5,61,B,2025-2026,active,"""2026-05-23T22:30:00.000Z""","""2026-05-23T22:30:00.000Z""",Second
270,188,5,46,B,2025-2026,active,"""2026-05-23T22:30:00.000Z""","""2026-05-23T22:30:00.000Z""",Second
271,81,5,47,B,2025-2026,active,"""2026-05-23T22:30:00.000Z""","""2026-05-23T22:30:00.000Z""",Second
272,189,5,48,A,2025-2026,active,"""2026-05-23T22:30:00.000Z""","""2026-05-23T22:30:00.000Z""",Third
273,190,5,17,A,2025-2026,active,"""2026-05-23T22:30:00.000Z""","""2026-05-23T22:30:00.000Z""",Third
274,191,5,46,A,2025-2026,active,"""2026-05-23T22:30:00.000Z""","""2026-05-23T22:30:00.000Z""",Third
275,192,5,47,A,2025-2026,active,"""2026-05-23T22:30:00.000Z""","""2026-05-23T22:30:00.000Z""",Third
276,63,5,48,A,2025-2026,active,"""2026-05-23T22:30:00.000Z""","""2026-05-23T22:30:00.000Z""",Third
277,193,5,47,A,2025-2026,active,"""2026-05-23T22:30:00.000Z""","""2026-05-23T22:30:00.000Z""",Third
278,194,5,17,A,2025-2026,active,"""2026-05-23T22:30:00.000Z""","""2026-05-23T22:30:00.000Z""",Third
279,195,5,46,A,2025-2026,active,"""2026-05-23T22:30:00.000Z""","""2026-05-23T22:30:00.000Z""",Third
280,196,5,48,A,2025-2026,active,"""2026-05-23T22:30:00.000Z""","""2026-05-23T22:30:00.000Z""",Third
281,197,5,48,A,2025-2026,active,"""2026-05-23T22:30:00.000Z""","""2026-05-23T22:30:00.000Z""",Third
282,198,5,17,A,2025-2026,active,"""2026-05-23T22:30:00.000Z""","""2026-05-23T22:30:00.000Z""",Third
283,199,5,47,A,2025-2026,active,"""2026-05-23T22:30:00.000Z""","""2026-05-23T22:30:00.000Z""",Third
284,200,5,46,B,2025-2026,active,"""2026-05-23T22:30:00.000Z""","""2026-05-23T22:30:00.000Z""",Third
285,201,5,47,B,2025-2026,active,"""2026-05-23T22:30:00.000Z""","""2026-05-23T22:30:00.000Z""",Third
286,202,5,46,B,2025-2026,active,"""2026-05-23T22:30:00.000Z""","""2026-05-23T22:30:00.000Z""",Third
287,203,5,17,B,2025-2026,active,"""2026-05-23T22:30:00.000Z""","""2026-05-23T22:30:00.000Z""",Third
288,204,5,48,B,2025-2026,active,"""2026-05-23T22:30:00.000Z""","""2026-05-23T22:30:00.000Z""",Third
289,205,5,46,B,2025-2026,active,"""2026-05-23T22:30:00.000Z""","""2026-05-23T22:30:00.000Z""",Third
290,206,5,48,B,2025-2026,active,"""2026-05-23T22:30:00.000Z""","""2026-05-23T22:30:00.000Z""",Third
291,207,5,17,B,2025-2026,active,"""2026-05-23T22:30:00.000Z""","""2026-05-23T22:30:00.000Z""",Third
292,208,5,47,B,2025-2026,active,"""2026-05-23T22:30:00.000Z""","""2026-05-23T22:30:00.000Z""",Third
293,21,5,17,B,2025-2026,active,"""2026-05-23T22:30:00.000Z""","""2026-05-23T22:30:00.000Z""",Third
294,209,5,48,B,2025-2026,active,"""2026-05-23T22:30:00.000Z""","""2026-05-23T22:30:00.000Z""",Third
295,210,5,46,A,2025-2026,active,"""2026-05-23T22:30:00.000Z""","""2026-05-23T22:30:00.000Z""",Fourth
296,211,5,47,A,2025-2026,active,"""2026-05-23T22:30:00.000Z""","""2026-05-23T22:30:00.000Z""",Fourth
297,117,5,17,A,2025-2026,active,"""2026-05-23T22:30:00.000Z""","""2026-05-23T22:30:00.000Z""",Fourth
298,212,5,47,A,2025-2026,active,"""2026-05-23T22:30:00.000Z""","""2026-05-23T22:30:00.000Z""",Fourth
299,213,5,46,A,2025-2026,active,"""2026-05-23T22:30:00.000Z""","""2026-05-23T22:30:00.000Z""",Fourth
300,214,5,48,A,2025-2026,active,"""2026-05-23T22:30:00.000Z""","""2026-05-23T22:30:00.000Z""",Fourth
301,215,5,47,A,2025-2026,active,"""2026-05-23T22:30:00.000Z""","""2026-05-23T22:30:00.000Z""",Fourth
302,216,5,17,A,2025-2026,active,"""2026-05-23T22:30:00.000Z""","""2026-05-23T22:30:00.000Z""",Fourth
303,217,5,46,A,2025-2026,active,"""2026-05-23T22:30:00.000Z""","""2026-05-23T22:30:00.000Z""",Fourth
304,218,5,48,A,2025-2026,active,"""2026-05-23T22:30:00.000Z""","""2026-05-23T22:30:00.000Z""",Fourth
305,219,5,48,A,2025-2026,active,"""2026-05-23T22:30:00.000Z""","""2026-05-23T22:30:00.000Z""",Fourth
306,220,5,46,A,2025-2026,active,"""2026-05-23T22:30:00.000Z""","""2026-05-23T22:30:00.000Z""",Fourth
307,221,5,47,A,2025-2026,active,"""2026-05-23T22:30:00.000Z""","""2026-05-23T22:30:00.000Z""",Fourth
308,222,5,17,A,2025-2026,active,"""2026-05-23T22:30:00.000Z""","""2026-05-23T22:30:00.000Z""",Fourth
309,121,5,48,B,2025-2026,active,"""2026-05-23T22:30:00.000Z""","""2026-05-23T22:30:00.000Z""",Fourth
310,223,5,46,B,2025-2026,active,"""2026-05-23T22:30:00.000Z""","""2026-05-23T22:30:00.000Z""",Fourth
311,224,5,17,B,2025-2026,active,"""2026-05-23T22:30:00.000Z""","""2026-05-23T22:30:00.000Z""",Fourth
312,225,5,47,B,2025-2026,active,"""2026-05-23T22:30:00.000Z""","""2026-05-23T22:30:00.000Z""",Fourth
313,226,5,46,B,2025-2026,active,"""2026-05-23T22:30:00.000Z""","""2026-05-23T22:30:00.000Z""",Fourth
314,227,5,17,B,2025-2026,active,"""2026-05-23T22:30:00.000Z""","""2026-05-23T22:30:00.000Z""",Fourth
315,96,6,51,A,2025-2026,active,"""2026-05-23T22:30:00.000Z""","""2026-05-23T22:30:00.000Z""",First
316,55,6,55,B,2025-2026,active,"""2026-05-23T22:30:00.000Z""","""2026-05-23T22:30:00.000Z""",First
317,228,6,50,B,2025-2026,active,"""2026-05-23T22:30:00.000Z""","""2026-05-23T22:30:00.000Z""",First
318,229,6,60,A,2025-2026,active,"""2026-05-23T22:30:00.000Z""","""2026-05-23T22:30:00.000Z""",Second
319,230,6,19,A,2025-2026,active,"""2026-05-23T22:30:00.000Z""","""2026-05-23T22:30:00.000Z""",Second
320,231,6,49,A,2025-2026,active,"""2026-05-23T22:30:00.000Z""","""2026-05-23T22:30:00.000Z""",Second
321,232,6,49,A,2025-2026,active,"""2026-05-23T22:30:00.000Z""","""2026-05-23T22:30:00.000Z""",Second
322,233,6,19,A,2025-2026,active,"""2026-05-23T22:30:00.000Z""","""2026-05-23T22:30:00.000Z""",Second
323,60,6,59,B,2025-2026,active,"""2026-05-23T22:30:00.000Z""","""2026-05-23T22:30:00.000Z""",Second
324,234,6,51,B,2025-2026,active,"""2026-05-23T22:30:00.000Z""","""2026-05-23T22:30:00.000Z""",Second
325,29,6,50,B,2025-2026,active,"""2026-05-23T22:30:00.000Z""","""2026-05-23T22:30:00.000Z""",Second
326,235,6,51,A,2025-2026,active,"""2026-05-23T22:30:00.000Z""","""2026-05-23T22:30:00.000Z""",Third
327,236,6,50,A,2025-2026,active,"""2026-05-23T22:30:00.000Z""","""2026-05-23T22:30:00.000Z""",Third
328,237,6,49,A,2025-2026,active,"""2026-05-23T22:30:00.000Z""","""2026-05-23T22:30:00.000Z""",Third
329,238,6,19,A,2025-2026,active,"""2026-05-23T22:30:00.000Z""","""2026-05-23T22:30:00.000Z""",Third
330,239,6,50,B,2025-2026,active,"""2026-05-23T22:30:00.000Z""","""2026-05-23T22:30:00.000Z""",Third
331,240,6,19,B,2025-2026,active,"""2026-05-23T22:30:00.000Z""","""2026-05-23T22:30:00.000Z""",Third
332,241,6,51,B,2025-2026,active,"""2026-05-23T22:30:00.000Z""","""2026-05-23T22:30:00.000Z""",Third
333,242,6,49,B,2025-2026,active,"""2026-05-23T22:30:00.000Z""","""2026-05-23T22:30:00.000Z""",Third
334,243,6,50,A,2025-2026,active,"""2026-05-23T22:30:00.000Z""","""2026-05-23T22:30:00.000Z""",Fourth
335,244,6,19,A,2025-2026,active,"""2026-05-23T22:30:00.000Z""","""2026-05-23T22:30:00.000Z""",Fourth
336,245,6,49,A,2025-2026,active,"""2026-05-23T22:30:00.000Z""","""2026-05-23T22:30:00.000Z""",Fourth
337,246,6,51,B,2025-2026,active,"""2026-05-23T22:30:00.000Z""","""2026-05-23T22:30:00.000Z""",Fourth
338,247,6,50,B,2025-2026,active,"""2026-05-23T22:30:00.000Z""","""2026-05-23T22:30:00.000Z""",Fourth
339,245,6,49,B,2025-2026,active,"""2026-05-23T22:30:00.000Z""","""2026-05-23T22:30:00.000Z""",Fourth
